Entry Date,Exit Date,Entry Price,Exit Price,Profit,Return %,Stock
2016-08-03,2016-08-14,566.35498046875,570.4730224609375,324.60768560947326,0.32460768560947323,BTC-USD
2016-09-03,2016-09-11,598.2119750976562,606.718994140625,1020.092322776065,1.0167917386457785,BTC-USD
2016-09-23,2016-10-19,602.8419799804688,630.52001953125,4229.4313440331025,4.1733128063758125,BTC-USD
2016-10-22,2016-10-30,657.2940063476562,701.864013671875,6708.324471992382,6.354136554151907,BTC-USD
2016-11-01,2016-11-03,729.7930297851562,688.7000122070312,-6745.791106595949,-6.007876348149275,BTC-USD
2016-11-16,2016-11-20,744.197998046875,731.0260009765625,-2282.215521416976,-2.1624859261178906,BTC-USD
2016-12-01,2016-12-05,756.7739868164062,758.7000122070312,-150.86744787373755,-0.14611229738563206,BTC-USD
2016-12-20,2016-12-24,800.8759765625,898.822021484375,12147.038920188046,11.781393734521641,BTC-USD
2016-12-28,2017-01-05,975.9210205078125,1013.3800048828125,3945.4705764908285,3.4233833653981547,BTC-USD
2017-01-17,2017-02-09,907.93798828125,994.3829956054688,10827.033287236321,9.083379475056427,BTC-USD
2017-02-20,2017-03-07,1079.97998046875,1223.5400390625,16695.133299703666,12.840126215808931,BTC-USD
2017-03-21,2017-03-22,1120.5400390625,1049.1400146484375,-9897.71277533911,-6.746067545773917,BTC-USD
2017-04-06,2017-04-13,1182.6800537109375,1169.280029296875,-2090.7470570369915,-1.5280943780548242,BTC-USD
2017-04-24,2017-05-12,1250.1500244140625,1724.239990234375,50350.555775785586,37.37150691480486,BTC-USD
2017-05-22,2017-06-12,2173.39990234375,2659.6298828125,40500.878245636704,21.882861913454192,BTC-USD
2017-07-17,2017-09-02,2228.409912109375,4578.77001953125,236074.03605445795,104.65145257841438,BTC-USD
2017-09-15,2017-10-24,3637.52001953125,5526.64013671875,236954.53082702303,51.327158425969785,BTC-USD
2017-10-29,2017-11-06,6153.85009765625,7022.759765625,95456.29948846018,13.663750442435326,BTC-USD
2017-11-13,2017-12-22,6559.490234375,13831.7998046875,873666.2091503586,110.02436836435996,BTC-USD
2017-12-26,2018-01-11,16099.7998046875,13405.7998046875,-284612.8898951728,-17.065861745806128,BTC-USD
2018-02-17,2018-03-06,11112.7001953125,10779.900390625,-46782.6704184406,-3.3824028367739687,BTC-USD
2018-03-11,2018-03-14,9578.6298828125,8269.8095703125,-187206.88634326472,-14.008960445906357,BTC-USD
2018-04-12,2018-04-25,7889.25,8845.740234375,134171.50332439947,11.675921746660816,BTC-USD
2018-05-03,2018-05-11,9743.8603515625,8441.490234375,-175969.46775289136,-13.712248164043197,BTC-USD
2018-05-29,2018-06-10,7472.58984375,6786.02001953125,-105758.26188660378,-9.55072839724659,BTC-USD
2018-06-14,2018-06-22,6675.35009765625,6083.68994140625,-92420.60488676676,-9.22753971319242,BTC-USD
2018-06-29,2018-07-10,6218.2998046875,6329.9501953125,12625.756131145521,1.3887382782578763,BTC-USD
2018-07-16,2018-07-31,6741.75,7780.43994140625,137765.9602440521,14.945664010092209,BTC-USD
2018-09-21,2018-10-11,6734.9501953125,6256.240234375,-79243.81908334536,-7.479044125146511,BTC-USD
2018-10-15,2018-10-29,6596.5400390625,6332.6298828125,-42979.81508130685,-4.384349121646851,BTC-USD
2018-11-28,2018-12-21,4257.419921875,3896.543701171875,-82879.19640712801,-8.842134819701265,BTC-USD
2018-12-28,2019-01-10,3923.918701171875,3678.924560546875,-56549.1834518949,-6.618259524372605,BTC-USD
2019-01-14,2019-01-20,3706.05224609375,3601.013671875,-25712.242105937563,-3.2225186511453487,BTC-USD
2019-02-08,2019-02-24,3666.7802734375,3810.427490234375,27043.888407355174,3.502275537920562,BTC-USD
2019-03-05,2019-03-25,3896.375,3963.070556640625,10432.22326304263,1.305293425203918,BTC-USD
2019-03-27,2019-04-11,4087.066162109375,5064.48779296875,189620.19779328431,23.419829767195644,BTC-USD
2019-04-23,2019-04-25,5572.3623046875,5210.515625,-68622.80906345672,-6.867247303770937,BTC-USD
2019-05-03,2019-05-17,5768.28955078125,7343.8955078125,249473.05337137752,26.806208963151096,BTC-USD
2019-05-19,2019-06-03,8197.689453125,8208.9951171875,-3094.7449481883086,-0.26223828736994775,BTC-USD
2019-06-14,2019-06-27,8693.8330078125,11182.806640625,330924.7952713168,28.11518389276701,BTC-USD
2019-06-28,2019-06-30,12407.33203125,10817.1552734375,-198519.73763521505,-13.16481340364838,BTC-USD
2019-07-31,2019-08-14,10085.6279296875,10051.7041015625,-9619.3105249668,-0.7346140293035599,BTC-USD
2019-08-19,2019-08-21,10916.0537109375,10138.0498046875,-97463.91096382798,-7.498273414039781,BTC-USD
2019-09-02,2019-09-23,10346.7607421875,9729.32421875,-76267.63168681087,-6.343192032455064,BTC-USD
2019-10-07,2019-10-11,8245.623046875,8321.7568359375,5856.033422284527,0.5200340653741753,BTC-USD
2019-10-20,2019-10-23,8222.078125,7514.671875,-101523.47066463763,-8.968959764201935,BTC-USD
2019-10-25,2019-11-08,8660.7001953125,8804.880859375,12967.996245737537,1.2585167214012383,BTC-USD
2019-11-10,2019-11-11,9055.5263671875,8757.7880859375,-38338.00008792174,-3.6743794777856587,BTC-USD
2019-12-18,2020-01-02,7276.802734375,6985.47021484375,-44093.31480117282,-4.387180334045233,BTC-USD
2020-01-03,2020-02-10,7344.88427734375,9856.611328125,323464.50581144996,33.66070776009795,BTC-USD
2020-02-11,2020-02-15,10208.236328125,9889.4248046875,-45085.73902260885,-3.5102015023867215,BTC-USD
2020-02-18,2020-02-19,10141.99609375,9633.38671875,-66855.21715955622,-5.39444487328563,BTC-USD
2020-03-19,2020-04-10,6191.19287109375,6865.4931640625,122502.52147361822,10.448160730145013,BTC-USD
2020-04-16,2020-04-20,7116.80419921875,6881.95849609375,-47736.779408157105,-3.6862895469878176,BTC-USD
2020-04-23,2020-05-10,7429.724609375,8756.4306640625,216843.2420433527,17.385777073405777,BTC-USD
2020-05-28,2020-06-02,9525.7509765625,9529.8037109375,-5230.088951334124,-0.35722497194848046,BTC-USD
2020-06-22,2020-06-24,9648.7177734375,9313.6103515625,-56294.40289223776,-3.858798832989368,BTC-USD
2020-07-06,2020-08-02,9375.474609375,11053.6142578125,244440.56614128733,17.428124697062213,BTC-USD
2020-09-01,2020-09-02,11970.478515625,11414.0341796875,-82836.02895909618,-5.029496654905438,BTC-USD
2020-09-24,2020-11-07,10760.06640625,14833.75390625,583566.6416874884,37.308429779381775,BTC-USD
2020-11-16,2020-11-26,16716.111328125,17150.623046875,47021.90393313579,2.1893718094526617,BTC-USD
2020-11-30,2021-01-21,19625.8359375,30825.69921875,1238705.344248775,56.43929676395151,BTC-USD
2021-01-28,2021-02-22,33466.09765625,54207.3203125,2105727.2456432628,61.32955929042462,BTC-USD
2021-03-13,2021-03-15,61243.0859375,55907.19921875,-502815.46992355864,-9.077419600477848,BTC-USD
2021-04-08,2021-04-18,58323.953125,56216.18359375,-201407.57640601043,-3.999059178810805,BTC-USD
2021-04-26,2021-05-04,54021.75390625,53333.5390625,-80669.86645949073,-1.668467979414243,BTC-USD
2021-05-05,2021-05-12,57424.0078125,49150.53515625,-701245.2492733342,-14.749716220417945,BTC-USD
2021-06-09,2021-06-21,37345.12109375,31676.693359375,-628929.9167540646,-15.517442791232238,BTC-USD
2021-07-21,2021-09-07,32110.693359375,46811.12890625,1547633.0062038703,45.19795979904718,BTC-USD
2021-09-22,2021-10-21,43574.5078125,62210.171875,2097924.0290709035,42.19685577357892,BTC-USD
2021-11-08,2021-11-16,67566.828125,60161.24609375,-800017.7947039232,-11.316183670033162,BTC-USD
2022-02-04,2022-02-17,41500.875,40538.01171875,-169934.91499799676,-2.7104324332393546,BTC-USD
2022-02-28,2022-03-04,43193.234375,39137.60546875,-594819.6284541171,-9.751579937577027,BTC-USD
2022-03-09,2022-03-10,41982.92578125,39437.4609375,-354431.57651307527,-6.4384672753404555,BTC-USD
2022-03-27,2022-03-31,46820.4921875,45538.67578125,-161023.67441270594,-3.1263852349306784,BTC-USD
2022-05-04,2022-05-05,39698.37109375,36575.140625,-410909.4128139904,-8.235563930234468,BTC-USD
2022-05-30,2022-06-01,31726.390625,29799.080078125,-295321.0409586653,-6.450111817178038,BTC-USD
2022-06-06,2022-06-12,31370.671875,26762.6484375,-643761.8780343607,-15.029856547043583,BTC-USD
2022-07-04,2022-07-25,20231.26171875,21361.701171875,188002.03403725429,5.165659511357259,BTC-USD
2022-07-27,2022-08-19,22930.548828125,20877.552734375,-356601.75366038084,-9.31692830594694,BTC-USD
2022-09-09,2022-09-13,21381.15234375,20296.70703125,-189206.95638811868,-5.451300917078881,BTC-USD
2022-10-04,2022-11-08,20336.84375,18541.271484375,-301697.9270170168,-9.193477657891544,BTC-USD
2022-11-10,2022-12-15,17586.771484375,17364.865234375,-49358.08711676067,-1.6563372744984157,BTC-USD
2022-12-20,2023-01-30,16906.3046875,22840.138671875,1012769.8627753854,34.55849695269007,BTC-USD
2023-02-15,2023-03-03,24307.841796875,22362.6796875,-330052.733951197,-8.369823180549938,BTC-USD
2023-03-12,2023-04-17,22163.94921875,29445.044921875,1167830.0634895512,32.32020265394375,BTC-USD
2023-04-18,2023-04-19,30397.552734375,28822.6796875,-265822.8280902514,-5.559817560559937,BTC-USD
2023-05-28,2023-06-05,28085.646484375,25760.09765625,-390426.9262098186,-8.646716320774127,BTC-USD
2023-06-06,2023-07-14,27238.783203125,30334.068359375,450377.0255239876,10.918513491985694,BTC-USD
2023-08-08,2023-08-16,29765.4921875,28701.779296875,-181133.31531112734,-3.9589642706804833,BTC-USD
2023-08-29,2023-08-31,27727.392578125,25931.47265625,-301032.56402154453,-6.850777913059093,BTC-USD
2023-09-12,2023-11-16,25833.34375,36154.76953125,1612463.5104370844,39.394634394562715,BTC-USD
2023-11-22,2023-12-11,37432.33984375,41243.83203125,555839.974516009,9.742062211245935,BTC-USD
2024-01-01,2024-01-03,44167.33203125,42848.17578125,-211284.25391824543,-3.3743889247541135,BTC-USD
2024-01-08,2024-01-12,46970.50390625,42853.16796875,-552398.2083909456,-9.130362333908204,BTC-USD
2024-01-26,2024-03-05,41816.87109375,63801.19921875,2856793.28630683,51.96318606479762,BTC-USD
2024-03-20,2024-04-02,67913.671875,65446.97265625,-335617.3924664296,-4.017196016887254,BTC-USD
2024-05-03,2024-06-11,62889.8359375,67332.03125,532104.5820025383,6.635629515351682,BTC-USD
2024-07-15,2024-08-02,64870.15234375,61415.06640625,-487789.8508759476,-5.7044733350559165,BTC-USD
2024-08-08,2024-08-27,61710.13671875,59504.1328125,-319311.326480601,-3.96009886042957,BTC-USD
2024-09-13,2024-09-30,60571.30078125,63329.5,320275.8219620418,4.135844045676294,BTC-USD
2024-10-11,2024-11-25,62445.08984375,93102.296875,3911037.377847107,48.49888170345659,BTC-USD
2024-11-27,2024-12-18,95962.53125,100041.5390625,459134.6435126737,3.834039988817252,BTC-USD
2025-01-06,2025-01-07,102078.0859375,96922.703125,-675166.568611538,-5.429849005575158,BTC-USD
2025-01-15,2025-02-24,100504.4921875,91418.171875,-1105855.4817428384,-9.404183953966612,BTC-USD
2025-03-02,2025-03-03,94248.3515625,86065.671875,-963801.130452875,-9.046946679654285,BTC-USD
2025-04-01,2025-04-02,85169.171875,82485.7109375,-342791.49161745235,-3.5377517147030977,BTC-USD
2025-04-09,2025-05-23,82573.953125,107287.796875,2748889.4322993997,29.410147866997242,BTC-USD
2025-06-06,2025-08-14,104390.34375,118359.578125,1563802.1695507634,12.928657015570455,BTC-USD
2025-08-22,2025-08-25,116874.0859375,110124.3515625,-840292.749832416,-6.151741188965172,BTC-USD
2025-09-10,2025-09-22,113955.359375,112748.5078125,-186444.65793580748,-1.4544244419998293,BTC-USD
2025-09-28,2025-10-07,112122.640625,121451.3828125,996375.3283865172,7.887276300741567,BTC-USD
2025-12-02,2026-01-07,91350.203125,91308.0546875,-60724.99523432739,-0.44555502900668326,BTC-USD
2026-01-13,2026-01-20,95321.78125,88310.90625,-1048176.9100107104,-7.72516552335722,BTC-USD
2026-02-06,2026-02-23,70555.390625,64616.73828125,-1099642.741521893,-8.782972888433177,BTC-USD
2026-02-25,2026-03-18,67960.125,71245.578125,504269.22919403575,4.415465384756862,BTC-USD
2026-03-23,2026-04-12,70914.859375,70753.40625,-74692.36641819961,-0.6263620069048551,BTC-USD
2026-04-13,2026-05-22,74484.640625,75488.2421875,111676.4991892539,0.9424097919096924,BTC-USD
2017-12-11,2017-12-22,515.135986328125,674.8599853515625,30482.680824001174,30.482680824001175,ETH-USD
2018-01-02,2018-01-16,884.4439697265625,1053.68994140625,24347.800019476155,18.659794438403036,ETH-USD
2018-01-28,2018-01-30,1246.010009765625,1071.1300048828125,-22262.63509042439,-14.378715979659287,ETH-USD
2018-04-12,2018-04-25,492.9410095214844,615.416015625,32276.147137662803,24.34688966567861,ETH-USD
2018-04-26,2018-05-22,662.8090209960938,647.7410278320312,-4391.228589976527,-2.663869342747428,ETH-USD
2018-05-29,2018-06-10,565.3880004882812,526.47900390625,-11639.118973373872,-7.253922376531004,ETH-USD
2018-06-14,2018-06-22,519.7420043945312,465.8169860839844,-15972.888268154726,-10.733483635198251,ETH-USD
2018-07-16,2018-07-31,480.6579895019531,433.86700439453125,-13410.908318235277,-10.095477182697538,ETH-USD
2018-08-17,2018-08-20,315.72900390625,274.31500244140625,-16080.190350871824,-13.464130215677692,ETH-USD
2018-09-01,2018-09-05,295.34100341796875,232.33099365234375,-22374.178248040378,-21.64901035626729,ETH-USD
2018-09-13,2018-09-17,211.35400390625,197.875,-5467.115797332095,-6.75156947231508,ETH-USD
2018-09-21,2018-10-11,246.58399963378906,189.49899291992188,-17712.31423378634,-23.45742009841629,ETH-USD
2018-10-15,2018-10-29,209.70399475097656,197.2469940185547,-3650.479942862803,-6.316140870968481,ETH-USD
2018-11-04,2018-11-14,207.48599243164062,181.39700317382812,-6997.346041224519,-12.923210559059475,ETH-USD
2018-12-17,2018-12-27,95.13382720947266,116.57591247558594,10395.806279174365,22.04920009543377,ETH-USD
2018-12-28,2019-01-10,137.6470184326172,128.62518310546875,-3986.4983054237528,-6.927735643984175,ETH-USD
2019-01-14,2019-01-28,129.0687255859375,106.58997344970703,-9504.381735107745,-17.74611592866851,ETH-USD
2019-02-08,2019-02-24,119.26774597167969,135.8526611328125,5925.346737728585,13.45044948787353,ETH-USD
2019-03-05,2019-03-21,137.8223876953125,136.6360626220703,-628.1917652413686,-1.2569240806578486,ETH-USD
2019-03-27,2019-04-11,140.9881591796875,165.4970245361328,8347.391371139936,16.914568844044254,ETH-USD
2019-04-30,2019-05-17,162.16603088378906,243.76458740234375,28685.701797407957,49.717239046857934,ETH-USD
2019-05-19,2019-06-03,261.2922058105469,252.60792541503906,-3204.745014777014,-3.7099084664220037,ETH-USD
2019-06-10,2019-06-27,247.52012634277344,294.26763916015625,15314.25338789259,18.411278308815113,ETH-USD
2019-08-05,2019-08-09,234.21502685546875,210.48890686035156,-10331.097412211893,-10.489179108943878,ETH-USD
2019-09-07,2019-09-23,178.2626190185547,201.9213104248047,11301.624926766555,12.81918440086079,ETH-USD
2019-10-07,2019-10-11,181.18634033203125,182.56968688964844,358.90676523328875,0.360842924255788,ETH-USD
2019-10-25,2019-11-15,181.52320861816406,180.52117919921875,-947.7191956803435,-0.9494058991930686,ETH-USD
2019-12-18,2020-02-15,133.09219360351562,264.72857666015625,97007.21139103282,98.11133480398013,ETH-USD
2020-04-06,2020-04-10,169.13587951660156,158.41244506835938,-13152.27949340822,-6.714394728778206,ETH-USD
2020-04-16,2020-04-30,172.15737915039062,207.60205078125,36740.80474927128,20.10665706388278,ETH-USD
2020-05-28,2020-05-31,219.84042358398438,230.9757080078125,10195.114768287982,4.645326518272272,ETH-USD
2020-06-01,2020-06-11,246.99176025390625,231.70266723632812,-15077.508400253748,-6.56498696927606,ETH-USD
2020-06-22,2020-06-24,242.53318786621094,235.7724609375,-6815.331141206698,-3.1760080962059303,ETH-USD
2020-07-06,2020-08-21,241.51022338867188,389.1263427734375,125657.26483258506,60.478255731634576,ETH-USD
2020-08-30,2020-09-02,428.3957214355469,440.0404968261719,7694.783983949979,2.3077666443956373,ETH-USD
2020-09-24,2020-10-06,349.3555908203125,340.81585693359375,-9668.348989295366,-2.834256646008056,ETH-USD
2020-10-09,2020-11-26,365.5904846191406,518.8011474609375,137026.2488391148,41.34066388899393,ETH-USD
2020-12-16,2020-12-23,636.1818237304688,583.714599609375,-40354.386666228995,-8.613849943054932,ETH-USD
2020-12-27,2021-01-11,682.642333984375,1090.1453857421875,252838.88316609565,59.056816538661124,ETH-USD
2021-01-24,2021-02-22,1391.609375,1781.992919921875,187544.92950773356,27.54096861512356,ETH-USD
2021-03-13,2021-04-03,1924.6854248046875,2028.4224853515625,43153.59353374061,4.968681274505644,ETH-USD
2021-04-13,2021-05-12,2299.187744140625,3785.8486328125,583486.7949981394,64.00228260111814,ETH-USD
2021-07-21,2021-09-07,1990.9708251953125,3426.394287109375,1067672.7997983969,71.40896151520967,ETH-USD
2021-09-22,2021-11-16,3077.867919921875,4216.365234375,933954.8264538036,36.442392856319614,ETH-USD
2021-11-19,2021-12-13,4298.306640625,3784.226806640625,-430518.7491128091,-12.311862520510214,ETH-USD
2022-02-04,2022-02-17,2983.5869140625,2881.48193359375,-116767.74362615217,-3.808147225068935,ETH-USD
2022-02-28,2022-03-04,2919.201171875,2617.156005859375,-315746.1478405306,-10.705097148694229,ETH-USD
2022-03-16,2022-04-06,2772.0556640625,3171.69189453125,367655.1528474218,13.959393192382832,ETH-USD
2022-05-04,2022-05-05,2940.644775390625,2749.213134765625,-206599.7198152258,-6.883439237730945,ETH-USD
2022-05-30,2022-06-01,1996.4412841796875,1823.5693359375,-252203.1038395064,-9.024003497434109,ETH-USD
2022-07-04,2022-07-11,1151.05908203125,1097.236572265625,-128574.87019666936,-5.0568270575374585,ETH-USD
2022-07-13,2022-07-25,1113.587158203125,1445.3834228515625,706744.5150231691,29.276604896987735,ETH-USD
2022-07-27,2022-08-19,1636.232666015625,1612.9873046875,-56629.06236455683,-1.8145865936020078,ETH-USD
2022-08-29,2022-09-13,1553.037353515625,1580.7879638671875,42288.8180117188,1.3801201625594783,ETH-USD
2022-10-23,2022-11-08,1363.447021484375,1332.8355712890625,-81878.63095936459,-2.6357797972273826,ETH-USD
2022-11-10,2022-12-03,1299.464599609375,1243.3348388671875,-142208.0822797427,-4.701792320981054,ETH-USD
2022-12-08,2022-12-15,1281.1163330078125,1266.3538818359375,-44598.68252216512,-1.5473068895430806,ETH-USD
2022-12-20,2023-01-24,1217.70361328125,1556.604248046875,775280.4786381647,27.320313462319625,ETH-USD
2023-01-29,2023-01-30,1646.1556396484375,1567.3265380859375,-186762.38594463095,-5.169142963107917,ETH-USD
2023-02-15,2023-03-03,1673.7459716796875,1569.1676025390625,-226914.2924273298,-6.622794901733442,ETH-USD
2023-03-11,2023-04-19,1482.61669921875,1936.4034423828125,962531.5574957179,30.08524558257988,ETH-USD
2023-05-05,2023-05-06,1995.0609130859375,1900.2218017578125,-213683.3264155672,-5.13429925753536,ETH-USD
2023-05-23,2023-05-24,1854.380615234375,1800.0999755859375,-130885.07739607664,-3.315060492212338,ETH-USD
2023-05-28,2023-06-05,1910.9141845703125,1811.828369140625,-212400.3922516643,-5.5641369168381525,ETH-USD
2023-06-06,2023-06-10,1884.494873046875,1752.384765625,-266112.9950210494,-7.3819588970488095,ETH-USD
2023-06-21,2023-06-28,1891.0072021484375,1827.97119140625,-124194.63513383083,-3.719741709239948,ETH-USD
2023-06-30,2023-07-06,1933.18896484375,1848.636474609375,-152881.80343017168,-4.755853838341398,ETH-USD
2023-07-13,2023-07-14,2006.511474609375,1939.3470458984375,-114310.80283203023,-3.7335475253602555,ETH-USD
2023-08-29,2023-08-31,1729.7257080078125,1645.63916015625,-154486.70638353145,-5.241439236048947,ETH-USD
2023-09-12,2023-10-02,1592.429443359375,1663.6275634765625,113213.14136370644,4.05357139323927,ETH-USD
2023-10-16,2023-11-14,1600.5343017578125,1979.0526123046875,672927.3380197091,23.15539353958719,ETH-USD
2023-11-22,2023-12-11,2064.42529296875,2224.578857421875,262244.43096901104,7.327179523233887,ETH-USD
2023-12-27,2024-01-03,2378.739990234375,2210.761962890625,-285525.2310497677,-7.433020543369246,ETH-USD
2024-01-08,2024-01-22,2333.03271484375,2310.826416015625,-47918.36032800283,-1.3476176731893406,ETH-USD
2024-02-06,2024-03-19,2372.201904296875,3157.6181640625,1142766.2414292786,32.57726149625911,ETH-USD
2024-03-20,2024-04-02,3513.39306640625,3277.234619140625,-329934.5159321986,-7.094403389902102,ETH-USD
2024-04-08,2024-04-09,3695.292724609375,3505.163330078125,-238684.68873041542,-5.524218036605512,ETH-USD
2024-05-15,2024-06-07,3037.056640625,3678.629150390625,842559.7624540678,20.640797385710233,ETH-USD
2024-07-15,2024-07-24,3489.552734375,3336.33935546875,-235034.32690463122,-4.772685889801642,ETH-USD
2024-08-08,2024-08-27,2683.352783203125,2458.7265625,-409736.67173569463,-8.73725190047541,ETH-USD
2024-10-14,2024-10-23,2628.89990234375,2509.098876953125,-211356.58256952278,-4.9384681549565395,ETH-USD
2024-11-06,2024-12-09,2724.169189453125,3718.6904296875,1463087.2580535067,35.96183956085378,ETH-USD
2025-01-03,2025-01-07,3605.009765625,3381.577392578125,-363568.92035306897,-6.572663368819974,ETH-USD
2025-01-15,2025-02-01,3450.53759765625,3118.32861328125,-516221.1924491208,-9.988873204795269,ETH-USD
2025-03-02,2025-03-03,2519.694580078125,2145.573974609375,-706512.1603868776,-15.188123278791323,ETH-USD
2025-04-09,2025-06-05,1668.0400390625,2416.28564453125,1746904.7616640204,44.27892081345471,ETH-USD
2025-06-09,2025-08-01,2681.51708984375,3488.365966796875,1683131.5673051989,29.569431779978217,ETH-USD
2025-08-04,2025-08-25,3718.986083984375,4372.98779296875,1262321.815495505,17.115612572599943,ETH-USD
2025-09-12,2025-09-22,4715.24609375,4202.87744140625,-969343.781450646,-11.222390943730568,ETH-USD
2025-09-26,2025-10-07,4035.887939453125,4451.15185546875,755212.0436166916,9.84856663921721,ETH-USD
2025-10-12,2025-11-03,4164.427734375,3602.30810546875,-1166125.0971392756,-13.843785722030944,ETH-USD
2025-12-02,2026-01-07,2997.939697265625,3166.843994140625,378244.71638896223,5.21189897238182,ETH-USD
2026-01-13,2026-01-20,3322.095458984375,2935.605712890625,-915278.3007871183,-11.987025401256952,ETH-USD
2026-02-06,2026-02-23,2063.386962890625,1855.5028076171875,-701211.8632346299,-10.434239837934278,ETH-USD
2026-02-25,2026-03-18,2054.6279296875,2203.671630859375,410830.28387340344,6.825461063224745,ETH-USD
2026-04-07,2026-05-12,2241.806640625,2274.6435546875,68112.03419682477,1.0592991379197678,ETH-USD
2020-06-05,2020-06-06,0.6611549854278564,0.6224430203437805,-6231.405389268621,-6.2314053892686205,SOL-USD
2020-06-08,2020-06-11,0.6683130264282227,0.5737419724464417,-13590.600783375543,-14.493766105587087,SOL-USD
2020-06-19,2020-07-16,0.684332013130188,0.8724409937858582,21630.842827282613,26.978528390046115,SOL-USD
2020-07-25,2020-09-03,1.252223014831543,3.5273399353027344,183826.66917659965,180.56062245381176,SOL-USD
2020-09-09,2020-10-06,3.636378049850464,2.1762499809265137,-115375.34997554682,-40.39250990166257,SOL-USD
2020-11-06,2020-11-22,1.9137400388717651,2.1448450088500977,19798.249282845296,11.62823397132671,SOL-USD
2020-12-15,2020-12-23,1.7606710195541382,1.2056920528411865,-60428.159005428184,-31.794520721870278,SOL-USD
2020-12-28,2021-01-05,1.515684962272644,2.157217025756836,54130.322329627306,41.75747863198886,SOL-USD
2021-01-07,2021-01-21,2.3727450370788574,2.9905359745025635,46920.18734419037,25.53332727293189,SOL-USD
2021-02-02,2021-02-20,5.267508029937744,10.002663612365723,205616.92628496085,89.13484159773473,SOL-USD
2021-02-22,2021-02-25,14.454785346984863,13.816014289855957,-20946.82091820141,-4.801038781083848,SOL-USD
2021-03-11,2021-03-12,15.992279052734375,14.552142143249512,-38913.459777425625,-9.368816442914115,SOL-USD
2021-03-26,2021-05-19,14.779420852661133,35.107181549072266,514182.50595711125,136.5917690564049,SOL-USD
2021-05-20,2021-06-21,44.74274826049805,26.657400131225586,-362115.4976782248,-40.6588146849662,SOL-USD
2021-07-21,2021-09-20,26.623079299926758,132.13446044921875,2084063.0168193504,394.3321907380779,SOL-USD
2021-09-22,2021-11-16,147.92425537109375,219.23902893066406,1244054.5202846127,47.61808279734491,SOL-USD
2021-11-19,2021-12-03,215.28001403808594,211.22439575195312,-87774.88558488572,-2.275952551122924,SOL-USD
2021-12-15,2021-12-28,178.34078979492188,177.42562866210938,-34322.98258506507,-0.9107024516454971,SOL-USD
2022-01-12,2022-01-21,151.70310974121094,111.96605682373047,-989233.9607957928,-26.488889614127515,SOL-USD
2022-02-04,2022-02-11,112.17424774169922,96.38188171386719,-395919.32918575685,-14.42176645072063,SOL-USD
2022-02-15,2022-02-17,104.87330627441406,93.4104232788086,-265153.34080255753,-11.286142744519587,SOL-USD
2022-02-28,2022-04-06,99.52034759521484,112.88338470458984,270410.2504037421,12.974186099724092,SOL-USD
2022-05-04,2022-05-05,92.7708511352539,84.59602355957031,-216066.22107086098,-9.176237127992296,SOL-USD
2022-06-06,2022-07-11,42.43313217163086,33.463600158691406,-458789.25838294486,-21.453171362305582,SOL-USD
2022-07-18,2022-07-25,43.746158599853516,36.711997985839844,-275731.9150745701,-16.41483958317003,SOL-USD
2022-07-27,2022-08-19,40.3078498840332,35.8902587890625,-158873.26848124806,-11.315435038618883,SOL-USD
2022-09-07,2022-09-13,32.71091842651367,33.430816650390625,22318.304608714534,1.7923944320278402,SOL-USD
2022-10-25,2022-11-06,30.93997573852539,32.6835823059082,66078.19081713655,5.213329790947287,SOL-USD
2022-11-23,2022-12-07,14.35151195526123,13.5196533203125,-82317.56285301736,-6.17275150087539,SOL-USD
2022-12-13,2022-12-16,13.833986282348633,12.266606330871582,-146198.68602424674,-11.684248324271088,SOL-USD
2023-01-02,2023-01-30,11.272967338562012,23.946321487426758,1232941.9320622166,111.5736812717973,SOL-USD
2023-02-15,2023-02-16,23.883901596069336,22.285951614379883,-165140.46694943262,-7.063354525870888,SOL-USD
2023-03-12,2023-04-19,20.310531616210938,22.71283531188965,247292.0873235017,11.38100789015009,SOL-USD
2023-05-27,2023-06-05,20.425233840942383,20.07505989074707,-50996.42113904655,-2.1071675010937416,SOL-USD
2023-06-29,2023-08-15,17.970457077026367,23.89658546447754,768685.098609155,32.44568352904651,SOL-USD
2023-08-29,2023-08-31,21.780763626098633,19.735092163085938,-306069.2507972596,-9.754170825997493,SOL-USD
2023-09-18,2023-09-21,19.657245635986328,19.47907066345215,-36880.46701921197,-1.302386629572641,SOL-USD
2023-09-28,2023-11-16,19.957616806030273,57.871402740478516,5277090.333893122,188.81278348681073,SOL-USD
2023-12-02,2024-01-22,63.83285903930664,83.62281036376953,2460278.21687089,30.4792780192861,SOL-USD
2024-02-26,2024-03-19,109.91853332519531,170.0162811279297,5693388.855474317,54.056728147524694,SOL-USD
2024-03-20,2024-04-02,191.54962158203125,181.17225646972656,-940362.8291880265,-5.795537134174689,SOL-USD
2024-05-09,2024-06-07,152.84994506835938,162.50704956054688,900789.1251150705,5.89318257073302,SOL-USD
2024-06-27,2024-06-28,149.44837951660156,139.70339965820312,-1115895.7406727802,-6.894176221086479,SOL-USD
2024-07-15,2024-08-02,159.93397521972656,152.6382293701172,-744932.6976672206,-4.943094926085023,SOL-USD
2024-08-06,2024-08-27,144.09036254882812,146.8970947265625,220682.1700228732,1.540513430559834,SOL-USD
2024-09-19,2024-10-01,142.83627319335938,145.28988647460938,190742.93900752813,1.3113159934955212,SOL-USD
2024-10-14,2024-10-25,157.44512939453125,164.75689697265625,622749.5296694636,4.225852551557808,SOL-USD
2024-11-05,2024-11-25,166.72239685058594,234.4466094970703,6152829.526910927,40.05902341650471,SOL-USD
2025-01-02,2025-01-07,207.7670440673828,202.23025512695312,-656952.2593513578,-3.053853448412743,SOL-USD
2025-01-15,2025-02-01,205.91134643554688,213.78501892089844,710943.5404855236,3.4089367445036904,SOL-USD
2025-03-02,2025-03-03,178.49549865722656,142.02108764648438,-4475489.566925362,-20.75230331052266,SOL-USD
2025-03-19,2025-03-28,135.572509765625,129.42315673828125,-840405.6437583715,-4.917315444845624,SOL-USD
2025-04-09,2025-05-30,119.05754089355469,156.23471069335938,4989151.966299571,30.701840153539433,SOL-USD
2025-06-09,2025-06-12,161.08865356445312,152.7896728515625,-1174718.4390601665,-5.530822965157311,SOL-USD
2025-06-23,2025-07-23,144.8467254638672,189.54293823242188,6086584.59584086,30.33468588721304,SOL-USD
2025-08-12,2025-08-25,191.85682678222656,187.2784423828125,-726071.0991679095,-2.7764188246593378,SOL-USD
2025-09-12,2025-09-22,242.30328369140625,220.49644470214844,-2380683.173824284,-9.363448334931622,SOL-USD
2025-09-26,2025-10-07,205.35255432128906,220.4827117919922,1599030.486267738,6.938851382432063,SOL-USD
2025-10-12,2025-10-30,197.508544921875,184.62442016601562,-1699636.1488351524,-6.896858029221444,SOL-USD
2025-12-02,2026-01-07,138.67420959472656,136.31301879882812,-480788.0010481812,-2.0954852582257386,SOL-USD
2026-01-13,2026-01-18,145.36087036132812,137.99542236328125,-1223427.255390741,-5.446360967797797,SOL-USD
2026-01-26,2026-01-29,124.13972473144531,117.60576629638672,-1198339.3575868085,-5.641957956915649,SOL-USD
2026-02-06,2026-02-23,87.46477508544922,77.7533187866211,-2296449.947030749,-11.458508354829991,SOL-USD
2026-02-25,2026-03-18,87.91560363769531,90.06571960449219,361338.7700070329,2.0362862531603554,SOL-USD
2026-03-23,2026-03-26,91.42407989501953,86.44393157958984,-1054718.465148393,-5.8251373950243615,SOL-USD
2026-04-07,2026-05-12,85.64801025390625,94.28429412841797,1644383.4761018343,9.64356767972651,SOL-USD
