Pair,Direction,Entry Time,Exit Time,Hold (mins),Entry Z-score,Exit Z-score,Entry Price A,Entry Price B,Exit Price A,Exit Price B,PnL A ($),PnL B ($),Total PnL ($),Return %,Exit Reason,Win
SOLUSDT__AVAXUSDT,SHORT_SPREAD,2026-05-21 10:06,2026-05-21 10:15,9,2.221,0.485,86.81,9.361,86.96,9.378,-1.7279,2.285,0.5571,0.028,Mean Reversion,True
BTCUSDT__ETHUSDT,SHORT_SPREAD,2026-05-21 10:00,2026-05-21 10:17,16,2.896,0.463,78026.33,2146.04,77985.04,2143.79,0.5292,-0.6275,-0.0984,-0.005,Mean Reversion,False
ETHUSDT__SOLUSDT,LONG_SPREAD,2026-05-21 04:10,2026-05-21 11:47,456,-2.337,0.189,2123.6,85.93,2133.03,86.3,4.4406,-3.1407,1.2998,0.065,Mean Reversion,True
SOLUSDT__AVAXUSDT,LONG_SPREAD,2026-05-21 11:47,2026-05-21 11:48,0,-3.865,-3.537,86.29,9.356,86.28,9.354,-0.1159,0.2299,0.114,0.006,Stop Loss,True
BTCUSDT__BNBUSDT,LONG_SPREAD,2026-05-21 11:48,2026-05-21 11:54,6,-2.113,-0.469,77724.16,651.72,77820.0,652.36,1.2331,-0.7747,0.4583,0.023,Mean Reversion,True
BTCUSDT__SOLUSDT,SHORT_SPREAD,2026-05-21 11:47,2026-05-21 11:57,9,3.067,-0.301,77736.2,86.3,77797.32,86.52,-0.7862,1.5666,0.7804,0.039,Mean Reversion,True
ETHUSDT__SOLUSDT,LONG_SPREAD,2026-05-21 11:57,2026-05-21 21:27,570,-2.959,-3.895,2135.47,86.54,2132.71,86.5,-1.2925,0.2644,-1.0281,-0.051,Stop Loss,False
SOLUSDT__AVAXUSDT,LONG_SPREAD,2026-05-21 11:48,2026-05-21 22:55,667,-3.537,0.052,86.28,9.354,87.75,9.498,17.0376,-16.5325,0.505,0.025,Mean Reversion,True
ETHUSDT__SOLUSDT,LONG_SPREAD,2026-05-21 21:27,2026-05-21 22:59,91,-3.895,-0.477,2132.71,86.5,2147.63,87.85,6.9958,-8.0818,-1.086,-0.054,Mean Reversion,False
ETHUSDT__BNBUSDT,SHORT_SPREAD,2026-05-21 23:01,2026-05-21 23:03,2,2.117,-0.233,2149.0,659.3,2145.46,658.46,1.6473,-0.5977,1.0496,0.052,Mean Reversion,True
SOLUSDT__AVAXUSDT,SHORT_SPREAD,2026-05-21 23:00,2026-05-21 23:04,3,2.042,0.335,87.98,9.498,87.6,9.476,4.3192,-2.3708,1.9484,0.097,Mean Reversion,True
ETHUSDT__BNBUSDT,SHORT_SPREAD,2026-05-21 23:05,2026-05-21 23:08,3,2.325,0.428,2149.31,658.7,2146.29,658.37,1.4051,-0.2349,1.1702,0.059,Mean Reversion,True
ETHUSDT__SOLUSDT,SHORT_SPREAD,2026-05-21 23:05,2026-05-21 23:12,7,2.305,0.404,2149.31,87.68,2146.34,87.56,1.3818,-0.4689,0.913,0.046,Mean Reversion,True
ETHUSDT__SOLUSDT,SHORT_SPREAD,2026-05-21 23:22,2026-05-21 23:28,6,2.082,0.413,2151.01,87.86,2148.97,87.7,0.9484,-0.6127,0.3357,0.017,Mean Reversion,True
ETHUSDT__BNBUSDT,SHORT_SPREAD,2026-05-21 23:22,2026-05-21 23:29,6,2.537,0.067,2151.84,659.29,2147.12,657.79,2.1935,-1.035,1.1585,0.058,Mean Reversion,True
BTCUSDT__ETHUSDT,LONG_SPREAD,2026-05-21 23:31,2026-05-21 23:39,8,-2.344,-0.492,77859.08,2147.2,77781.05,2143.61,-1.0022,0.8619,-0.1403,-0.007,Mean Reversion,False
ETHUSDT__SOLUSDT,LONG_SPREAD,2026-05-22 00:00,2026-05-22 00:05,5,-2.154,-0.415,2139.72,87.6,2140.23,87.58,0.2383,0.2015,0.4398,0.022,Mean Reversion,True
BTCUSDT__ETHUSDT,SHORT_SPREAD,2026-05-21 23:48,2026-05-22 00:06,17,3.067,0.274,77808.67,2142.36,77764.0,2140.09,0.5741,-0.7967,-0.2226,-0.011,Mean Reversion,False
BTCUSDT__ETHUSDT,SHORT_SPREAD,2026-05-22 00:11,2026-05-22 00:14,3,2.096,0.09,77802.78,2140.52,77757.7,2139.5,0.5794,-0.324,0.2554,0.013,Mean Reversion,True
ETHUSDT__SOLUSDT,LONG_SPREAD,2026-05-22 00:11,2026-05-22 00:15,4,-2.5,-0.347,2140.52,87.69,2138.39,87.54,-0.9951,1.4996,0.5045,0.025,Mean Reversion,True
BTCUSDT__SOLUSDT,LONG_SPREAD,2026-05-22 01:09,2026-05-22 01:10,0,-3.335,-3.672,77641.9,87.59,77641.9,87.63,0.0,-0.4024,-0.4024,-0.02,Stop Loss,False
BTCUSDT__SOLUSDT,LONG_SPREAD,2026-05-22 01:10,2026-05-22 01:10,0,-3.672,-3.597,77641.9,87.63,77641.9,87.64,0.0,-0.1,-0.1,-0.005,Stop Loss,False
ETHUSDT__SOLUSDT,LONG_SPREAD,2026-05-22 01:12,2026-05-22 01:14,1,-2.038,-0.463,2137.04,87.59,2137.41,87.53,0.1731,0.6855,0.8586,0.043,Mean Reversion,True
BTCUSDT__SOLUSDT,LONG_SPREAD,2026-05-22 01:10,2026-05-22 01:22,12,-3.597,-0.455,77641.9,87.64,77716.0,87.72,0.9544,-0.7955,0.1589,0.008,Mean Reversion,True
BTCUSDT__ETHUSDT,LONG_SPREAD,2026-05-22 00:16,2026-05-22 01:23,66,-2.568,-0.314,77674.0,2137.65,77797.99,2143.46,1.5963,-1.7541,-0.1579,-0.008,Mean Reversion,False
ETHUSDT__SOLUSDT,SHORT_SPREAD,2026-05-22 01:22,2026-05-22 01:23,0,2.16,3.83,2141.37,87.72,2144.25,87.81,-1.3449,0.5207,-0.8242,-0.041,Stop Loss,False
ETHUSDT__SOLUSDT,SHORT_SPREAD,2026-05-22 01:23,2026-05-22 01:29,5,3.83,0.343,2144.25,87.81,2142.93,87.8,0.6156,-0.0602,0.5554,0.028,Mean Reversion,True
BTCUSDT__ETHUSDT,LONG_SPREAD,2026-05-22 01:24,2026-05-22 01:38,13,-2.005,0.121,77717.44,2142.54,77737.57,2142.88,0.259,-0.1212,0.1378,0.007,Mean Reversion,True
BTCUSDT__BNBUSDT,SHORT_SPREAD,2026-05-22 01:39,2026-05-22 01:45,5,2.502,0.497,77712.0,657.19,77715.27,657.47,-0.0421,0.5379,0.4958,0.025,Mean Reversion,True
ETHUSDT__BNBUSDT,LONG_SPREAD,2026-05-22 01:50,2026-05-22 02:04,14,-2.342,-0.491,2140.08,657.62,2140.76,657.99,0.3177,-0.6651,-0.3474,-0.017,Mean Reversion,False
BTCUSDT__ETHUSDT,SHORT_SPREAD,2026-05-22 08:43,2026-05-22 08:43,0,3.918,3.828,77720.11,2137.02,77720.1,2136.85,0.0001,-0.0372,-0.0371,-0.002,Stop Loss,False
ETHUSDT__SOLUSDT,SHORT_SPREAD,2026-05-22 08:43,2026-05-22 08:43,0,8.309,6.074,2137.02,87.06,2136.85,87.07,0.0796,0.0632,0.1428,0.007,Stop Loss,True
ETHUSDT__SOLUSDT,SHORT_SPREAD,2026-05-22 08:43,2026-05-22 08:44,0,6.074,4.972,2136.85,87.07,2136.42,87.05,0.2012,-0.1216,0.0796,0.004,Stop Loss,True
ETHUSDT__SOLUSDT,SHORT_SPREAD,2026-05-22 08:44,2026-05-22 08:44,0,4.972,4.197,2136.42,87.05,2136.42,87.07,0.0,0.1174,0.1174,0.006,Stop Loss,True
ETHUSDT__SOLUSDT,SHORT_SPREAD,2026-05-22 08:44,2026-05-22 08:44,0,4.197,3.829,2136.42,87.07,2136.58,87.08,-0.0749,0.0569,-0.018,-0.001,Stop Loss,False
ETHUSDT__SOLUSDT,SHORT_SPREAD,2026-05-22 08:44,2026-05-22 08:44,0,3.829,3.601,2136.58,87.08,2136.58,87.07,0.0,-0.0554,-0.0554,-0.003,Stop Loss,False
BTCUSDT__ETHUSDT,SHORT_SPREAD,2026-05-22 08:43,2026-05-22 09:01,17,3.828,0.474,77720.1,2136.85,77750.61,2137.33,-0.3926,0.1042,-0.2883,-0.014,Mean Reversion,False
ETHUSDT__SOLUSDT,SHORT_SPREAD,2026-05-22 08:44,2026-05-22 09:11,26,3.601,0.301,2136.58,87.07,2137.88,87.0,-0.6084,-0.3774,-0.9858,-0.049,Mean Reversion,False
SOLUSDT__AVAXUSDT,LONG_SPREAD,2026-05-22 11:54,2026-05-22 12:05,10,-2.914,-0.492,86.65,9.51,86.71,9.493,0.6924,2.2735,2.9659,0.148,Mean Reversion,True
BTCUSDT__BNBUSDT,LONG_SPREAD,2026-05-22 11:54,2026-05-22 12:07,12,-2.02,-0.495,77442.97,656.76,77413.41,656.5,-0.3817,0.3338,-0.0479,-0.002,Mean Reversion,False
BTCUSDT__BNBUSDT,SHORT_SPREAD,2026-05-22 12:13,2026-05-22 12:14,1,2.037,4.109,77412.0,656.1,77468.01,656.36,-0.7235,0.3083,-0.4153,-0.021,Stop Loss,False
BTCUSDT__ETHUSDT,SHORT_SPREAD,2026-05-22 12:16,2026-05-22 12:25,8,2.824,0.409,77468.61,2127.01,77452.2,2126.26,0.2118,-0.2127,-0.0008,-0.0,Mean Reversion,False
BTCUSDT__ETHUSDT,SHORT_SPREAD,2026-05-26 00:50,2026-05-26 00:50,0,2.098,-0.1,77494.09,2124.36,77465.6,2124.17,0.3676,-0.06,0.3076,0.015,Mean Reversion,True
