lb,rp,top_n,cagr,sharpe,max_dd,final_val
1,1,1,0.07126653411896644,0.05969416098588695,-0.5808375627661079,292350.135795198
1,1,2,,,-0.057469979234040076,
1,2,1,0.10656777418999885,0.2292780115607382,-0.5150215229258268,484533.84715238423
1,2,2,0.11664328462241413,0.35673958821157664,-0.4629168419733754,558042.117239987
1,3,1,0.13398681561474013,0.3978487987030025,-0.43220613465305213,709536.5110701973
1,3,2,0.10462422441618369,0.3101331999291437,-0.3608165957430072,471440.55701962486
1,4,1,0.11219641973365424,0.29125786896537037,-0.3800788124767548,524398.6858795108
1,4,2,0.13732899848191615,0.5368768852099091,-0.345544638144477,742834.2501570905
1,5,1,0.13137021267466453,0.358595329720192,-0.4372326393500908,684448.1201388702
1,5,2,0.14529065088001825,0.6138659169405628,-0.21965896815401395,828138.9929785796
1,6,1,0.18882463895386614,0.6797325628197352,-0.415236142022747,1481104.4173790659
1,6,2,0.14931861859901718,0.6134362630996592,-0.3076216875304283,874708.9243690101
1,8,1,0.16697398875849312,0.5891169925628555,-0.3399290131468816,1109268.4442694557
1,8,2,0.17812099590678643,0.7555679003751519,-0.34382487972956244,1286399.5424875016
1,12,1,0.17811624655288583,0.6292614168215254,-0.3532216325489025,1286318.731929041
1,12,2,0.15527513566563167,0.6101037124126677,-0.28361206774933173,948086.3507336332
2,1,1,0.12866279194250763,0.38129576819188693,-0.3435843635215654,659364.5232127472
2,1,2,0.12041565895167361,0.428454776387122,-0.23496696753569726,588155.3669177154
2,2,1,0.14719763611301273,0.47178889932211465,-0.34008537045668474,849889.8189715126
2,2,2,0.13855090474630183,0.5045748170711232,-0.41193638549529726,755368.8219622275
2,3,1,0.1687283308163785,0.5944592345289869,-0.22729512235178187,1135541.8907749022
2,3,2,0.15401254210968007,0.6112091943408036,-0.31958953689507374,932067.5929218973
2,4,1,0.17392421408338388,0.674861493711312,-0.3010404719692193,1216814.2297613788
2,4,2,0.14039592902643694,0.5867052802025292,-0.2988516384680193,774671.077585149
2,5,1,0.1974294683201765,0.7203805716985279,-0.3552961818936385,1657276.3239391884
2,5,2,0.14323309924120453,0.5507518282367351,-0.3581811399588261,805255.6999475387
2,6,1,0.24582642675972433,1.002921807909827,-0.22729512235178187,3072887.418485801
2,6,2,0.2038909726665028,0.9309237063243361,-0.28361206774933173,1802256.2667607977
2,8,1,0.21476347875481872,0.9167686800999548,-0.2521125219993946,2073302.8253689266
2,8,2,0.1668257208869326,0.8072757442085308,-0.13833958859509074,1107074.2221038043
2,12,1,0.23148269465712845,0.9232374993472207,-0.22729512235178187,2565514.9467933914
2,12,2,0.18992717880943544,0.818978449939959,-0.2836120677493318,1502655.1394979246
3,1,1,0.1753402110883775,0.6215081723528338,-0.2677337105213833,1239888.6452447863
3,1,2,0.16719510320408393,0.7477328898296756,-0.17967089864944916,1112548.2874677044
3,2,1,0.169155498966149,0.5640497765807483,-0.4235451179637475,1142026.8405960777
3,2,2,0.13890703881366928,0.48518822237526216,-0.3767714865354966,759059.2037326259
3,3,1,0.18678455851270614,0.6468346061165414,-0.33992901314688156,1441988.861076935
3,3,2,0.14832867250905157,0.5588871931576622,-0.3223564887560689,863041.6480118231
3,4,1,0.1360882959855465,0.40565692486103205,-0.40292481802126345,730306.225705626
3,4,2,0.12368441625991422,0.4047144214388675,-0.3716135945689862,615471.4484856969
3,5,1,0.19166347764309521,0.7358585117763503,-0.21779872780526563,1537189.4258768687
3,5,2,0.16729290369183247,0.7604256911025253,-0.18578119983991784,1114001.8782393695
3,6,1,0.18920675645365326,0.6693752763699997,-0.33992901314688156,1488540.4848436401
3,6,2,0.15338877902290737,0.5878343935863488,-0.3223564887560688,924247.6054758516
3,8,1,0.1504614684840484,0.5428485337665636,-0.2521125219993946,888361.8061657917
3,8,2,0.1538011124838754,0.7461532433043728,-0.1264632343215904,929410.0334636648
3,12,1,0.16584558930501503,0.561426741844827,-0.3399290131468816,1092671.0744540808
3,12,2,0.16445299168374072,0.62509351670309,-0.3223564887560689,1072508.0458494113
4,1,1,0.190016586318432,0.7133593443410645,-0.3121524847120816,1504415.5390390868
4,1,2,0.15488313417067046,0.6862211239030176,-0.23366810082187495,943085.5867733868
4,2,1,0.1925123391450112,0.6624833035501492,-0.38824421726185365,1554341.9540248003
4,2,2,0.14687568908679194,0.5549909341687653,-0.3672223631733236,846180.6153301916
4,3,1,0.20941273383685033,0.7584599968952856,-0.33992901314688156,1935470.401668078
4,3,2,0.16533971377279455,0.6688573868112743,-0.3477891891985236,1085305.9703842374
4,4,1,0.17616540367466982,0.6034666897517824,-0.4029248180212636,1253523.7809972852
4,4,2,0.13882324808886914,0.5045179504155856,-0.34359530141155686,758189.4211310123
4,5,1,0.18431002129605445,0.6690337168449226,-0.23825976007820812,1395840.7781922184
4,5,2,0.16749996755487317,0.7711385056870279,-0.1857811998399178,1117085.2974826843
4,6,1,0.197901360013244,0.7058810537248962,-0.3399290131468816,1667483.276088031
4,6,2,0.16892540216559704,0.6635198429719565,-0.32235648875606887,1138529.387881818
4,8,1,0.14530519263498798,0.5001196117172224,-0.23454035494508566,828302.8650372871
4,8,2,0.156466938261425,0.756650292959142,-0.15706329970218388,963443.0182015745
4,12,1,0.18906214634377738,0.6301669487079327,-0.33992901314688156,1485722.2494839802
4,12,2,0.17774282509709072,0.6837068904602076,-0.3223564887560689,1279979.7923010709
5,1,1,0.143487289600011,0.45026949368868274,-0.3174568840219148,808050.3194934212
5,1,2,0.1425220169850614,0.6168938968426083,-0.20471015712385252,797485.8860079973
5,2,1,0.14226684580556492,0.42213114837857285,-0.4704124246804644,794714.8428477731
5,2,2,0.1343898013887177,0.4894516756078618,-0.3702568626283833,713476.0240399028
5,3,1,0.18491433482452013,0.6296570767951888,-0.40086502494040505,1406981.4083629816
5,3,2,0.14922836625260238,0.5679285954179388,-0.3453298515260525,873639.1472089336
5,4,1,0.17842107771646742,0.6198801584485001,-0.4029248180212633,1291515.0979535184
5,4,2,0.14555266516637433,0.5723067934689128,-0.34359530141155675,831096.3071665496
5,5,1,0.13872020243148064,0.4364947485287138,-0.23825976007820812,757121.0431364264
5,5,2,0.15408774164777106,0.6876963873759832,-0.16605068700885148,933014.5248935292
5,6,1,0.15382866735246314,0.4853254294078249,-0.34429617280288544,929755.9813940229
5,6,2,0.14115885254092309,0.4983290496127882,-0.3284598312157617,782786.7186825976
5,8,1,0.15437965959003974,0.5526106569270796,-0.2521125219993947,936698.9684336041
5,8,2,0.14934417203578643,0.7096741945592718,-0.1628269736284686,875012.036419875
5,12,1,0.23404833012344062,0.842745403738476,-0.33992901314688156,2650083.9309894964
5,12,2,0.18083491286090947,0.7212650018397765,-0.3223564887560688,1333362.1875147484
6,1,1,0.1812373870544033,0.609257495682496,-0.40217690946084017,1340461.838794706
6,1,2,0.13870073619000478,0.5620145805481555,-0.26960856126695565,756919.3753068594
6,2,1,0.19620638997025197,0.7681854693333003,-0.19755333015033993,1631092.8070686301
6,2,2,0.1400832124353506,0.5669141696285203,-0.21860764509957636,771367.3456289107
6,3,1,0.20031161729970592,0.7928757871697889,-0.1957317316280503,1720540.820493926
6,3,2,0.1625466316220352,0.7354495319914179,-0.1932437558943816,1045470.5141253355
6,4,1,0.18423546853158168,0.7266919051528937,-0.2213170911065402,1394472.11920277
6,4,2,0.143702620960799,0.6020048393455211,-0.2255270397292045,810424.8138390058
6,5,1,0.1688536907489402,0.5961653256568034,-0.28386929571165276,1137441.4305865716
6,5,2,0.13930744208968648,0.5817427420423232,-0.20187960001376207,763228.4641477342
6,6,1,0.23369339794586352,1.0745056762042702,-0.19819028439912073,2638231.0855167364
6,6,2,0.1857165066189186,0.8664710146730913,-0.21253454796838012,1421898.160320605
6,8,1,0.21864319829319245,0.8830962564067036,-0.25211252199939466,2178929.597905087
6,8,2,0.1693810770840054,0.859090312127006,-0.17347922737286411,1145465.3677635065
6,12,1,0.23765151168496135,1.0435997434426616,-0.16376090243996538,2773264.9897326706
6,12,2,0.17961107072951266,0.8180410346146564,-0.17630929525926262,1311989.1795427543
7,1,1,0.1728717207440742,0.6040677737898318,-0.26656593950825613,1199924.3320475419
7,1,2,0.15145901211608415,0.6370122654689223,-0.21473298221093534,900441.556886869
7,2,1,0.16772048195085998,0.5920012587738577,-0.35973538965613394,1120377.7914645965
7,2,2,0.1576803161640743,0.6937917835118236,-0.23943938808109652,979316.5985248317
7,3,1,0.1720291807369425,0.5936105162526677,-0.2643239131861856,1186562.0437232496
7,3,2,0.16545583109828677,0.7224269448879727,-0.16824943302288636,1086992.4170005491
7,4,1,0.13497428747054974,0.42252246504298124,-0.24982652015229453,719226.2376779243
7,4,2,0.14476866866928395,0.6136164215443936,-0.16966498484261727,822276.7896191378
7,5,1,0.15036537567155217,0.4986141336115792,-0.28386929571165276,887206.2140164096
7,5,2,0.16639390274451693,0.7419794113319776,-0.2128070179410138,1100706.8470611323
7,6,1,0.16474738727551386,0.5959142047843785,-0.23519359619200653,1076741.2678886096
7,6,2,0.19055469082047138,0.913116527891109,-0.21253454796838012,1515051.440193103
7,8,1,0.13732474789648075,0.44031129684753284,-0.23454035494508552,742790.988506795
7,8,2,0.15160780830034137,0.654650809613448,-0.17662272150212735,902256.5227712693
7,12,1,0.09658261454282191,0.22005204388557853,-0.27980787188339784,420705.1233020233
7,12,2,0.1669383912912874,0.7346705819194661,-0.18215305886543057,1108741.2649730027
8,1,1,0.15295593296995924,0.47956911645803274,-0.37239938900224184,918857.2375345429
8,1,2,0.13428805969538882,0.5239171100608326,-0.2340072245802408,712479.4894096915
8,2,1,0.1680648034510519,0.5609484519516261,-0.3641637125313112,1125537.012101228
8,2,2,0.15922803718964396,0.7026539899843345,-0.21782929561626047,999919.3937074598
8,3,1,0.19312650456996994,0.6918308979575032,-0.27978789140272126,1566863.5900613072
8,3,2,0.17579692461668217,0.7943112039468572,-0.18693653769692908,1247417.939562911
8,4,1,0.16336755816428372,0.5778740191272279,-0.22295886911931959,1057034.3954801343
8,4,2,0.14852677282065208,0.6264031590845751,-0.20713045999443647,865364.6920673324
8,5,1,0.1877215812582631,0.6976279804560996,-0.28386929571165276,1459833.2851554414
8,5,2,0.16381015651922093,0.7155390073899047,-0.18802053500183616,1063318.559327731
8,6,1,0.1821729603305069,0.6809650848694484,-0.23519359619200653,1357102.2988560912
8,6,2,0.19758168106125873,0.9380695054697925,-0.21253454796838012,1660562.2587226536
8,8,1,0.15093521625364636,0.5198764682136101,-0.22072626767974005,894079.6177306676
8,8,2,0.14336586196028245,0.5895637721663266,-0.17662272150212735,806714.1894388492
8,12,1,0.11922347338561123,0.3472764315189025,-0.2798078718833981,578478.1450036991
8,12,2,0.16429226093936866,0.7082763129958863,-0.18444016761524082,1070203.4177101846
9,1,1,0.13052455331264867,0.3692831528618075,-0.39315563574101836,676518.9788110753
9,1,2,0.13426316929330118,0.5151782376399088,-0.27876523149588905,712235.8924908446
9,2,1,0.15469725084970976,0.5103174872714366,-0.366380072119211,940722.9104692843
9,2,2,0.16756834146621902,0.7609517205899612,-0.2393852898179938,1118105.216549901
9,3,1,0.20136276130510788,0.7714647541523482,-0.21527902710700142,1744171.101027378
9,3,2,0.1839689276822858,0.8607445981020877,-0.18693653769692908,1389589.1576918776
9,4,1,0.17630726030454658,0.6599977803679152,-0.23287357725898702,1255881.8480672059
9,4,2,0.15601772457361274,0.6673613524132627,-0.20987744533202546,957627.6595720797
9,5,1,0.18926458523975764,0.7200908386042847,-0.2374329188449482,1489668.881311335
9,5,2,0.1802995305534063,0.8115649111381632,-0.1968175390951908,1323972.5651426823
9,6,1,0.1502318862889056,0.5148969410352393,-0.23519359619200653,885603.2328275372
9,6,2,0.1898452351782034,0.8945264537776657,-0.21253454796838012,1501043.3940925193
9,8,1,0.15971096675893004,0.557761955747475,-0.2314825115213498,1006430.5782520034
9,8,2,0.14856930870839258,0.6391097087501879,-0.21824471915962768,865864.2561360116
9,12,1,0.09280880422400029,0.19445391139161602,-0.29217406888660535,398700.59776795935
9,12,2,0.16412345914295923,0.7048071278365188,-0.18444016761524082,1067788.0531696002
10,1,1,0.14050829650792962,0.4102406216220664,-0.36847738597263857,775861.4277818393
10,1,2,0.14122851504376177,0.5661986811899216,-0.22419019994976552,783531.7081003963
10,2,1,0.15629651391718702,0.517846236621357,-0.27381848561908745,961232.8862886152
10,2,2,0.15803360546460987,0.6798116570485597,-0.20000198579563433,983984.1805951925
10,3,1,0.18301236612844085,0.659635415608981,-0.23272659058821016,1372196.6289805523
10,3,2,0.17127771468322806,0.7627318874501922,-0.20993909946941935,1174761.7585933509
10,4,1,0.17265259913544662,0.627175464557888,-0.23287357725898702,1196435.6821636688
10,4,2,0.1620450340953743,0.698346681743877,-0.20987744533202546,1038463.2039467181
10,5,1,0.1930263638100136,0.7326067011842181,-0.2397900309756448,1564815.4947170154
10,5,2,0.16956575330364698,0.7505348982122108,-0.2127582951922757,1148287.630346089
10,6,1,0.17229653833065406,0.61978847002824,-0.23519359619200653,1190787.0507527716
10,6,2,0.1914245759112665,0.9014050340271874,-0.21253454796838012,1532394.093974454
10,8,1,0.13891336301210488,0.44342324112816534,-0.2750467208156461,759124.8894287607
10,8,2,0.14503341621476884,0.5982947080349904,-0.21824471915962768,825245.2079879536
10,12,1,0.1034036048736997,0.24674700211486505,-0.2921740688866056,463387.56614682026
10,12,2,0.16792824736602285,0.7239007872703079,-0.1844401676152409,1123488.237964523
11,1,1,0.1650620430417582,0.5546543699701992,-0.3820191243421247,1081283.1029946322
11,1,2,0.1579949329100776,0.6858129389715498,-0.21784048713583418,983472.2342758859
11,2,1,0.1711013046252119,0.5950538410742652,-0.30614131275601836,1172007.5505947291
11,2,2,0.1540273729728081,0.6339843821241031,-0.21000167863698366,932254.2757470517
11,3,1,0.21272536161599143,0.8314641169263817,-0.2603505130718958,2019753.3419857796
11,3,2,0.1846410439754662,0.8280276260678154,-0.20993909946941935,1401932.9750525514
11,4,1,0.1757290612340292,0.6269960194157382,-0.23287357725898702,1246296.456382207
11,4,2,0.15871655641278082,0.646811582592814,-0.24453389494455025,993066.2617524341
11,5,1,0.15761189939689713,0.5298171676747042,-0.23979003097564483,978415.0891698744
11,5,2,0.18368941597436983,0.8504562858185708,-0.21275829519227568,1384485.7645048387
11,6,1,0.19817593878594675,0.7472752180527534,-0.25870303239541936,1673449.420516247
11,6,2,0.19342041856795844,0.8553396452824731,-0.21253454796838012,1572889.2634246433
11,8,1,0.19616532464977232,0.7887191329604616,-0.23746980449160074,1630220.439680129
11,8,2,0.1672143410309772,0.7735262764902512,-0.21824471915962768,1112834.0754622223
11,12,1,0.16347638067079595,0.5548799596095044,-0.2654580152640647,1058576.264559515
11,12,2,0.19492556695534402,0.8605975912857879,-0.18444016761524099,1604088.408663313
12,1,1,0.15096309827233667,0.4898898078602943,-0.31521755546529034,894417.2054250281
12,1,2,0.15141390036338698,0.635318140019286,-0.2099434578362587,899891.9741953303
12,2,1,0.19241414986920558,0.7087934300790163,-0.29600640204780937,1552348.7700742022
12,2,2,0.17463032380714005,0.8110844162548309,-0.22633999678077776,1228269.9540999695
12,3,1,0.2026339430084263,0.8399919542536274,-0.23080929487179466,1773153.6652535528
12,3,2,0.18156015452802565,0.8639273019900303,-0.20993909946941935,1346181.0073507107
12,4,1,0.2116327169820016,0.8687452506628608,-0.23287357725898702,1991580.9142817394
12,4,2,0.18332575760154057,0.8711166727342046,-0.23172124802137234,1377872.253988816
12,5,1,0.18724893980962487,0.7001801779588857,-0.23368254234457883,1450806.7504967821
12,5,2,0.20026044288726652,0.960626537898326,-0.2127582951922758,1719398.0758597148
12,6,1,0.18535736378304835,0.7274851703776647,-0.25531767805835026,1415201.5307418497
12,6,2,0.20466254381119753,1.0302050109272056,-0.21253454796838012,1820340.346841044
12,8,1,0.20066915402783714,0.8150421932540055,-0.23746980449160074,1728544.6073548482
12,8,2,0.1689907953056735,0.8044177281880968,-0.21824471915962768,1139522.3373926254
12,12,1,0.1596999383451314,0.5717224939412876,-0.274421169101207,1006281.4440143117
12,12,2,0.19291969464763614,0.9612356381056408,-0.16669766787738863,1562636.6352224601
