Slots,Alloc%,UnderlyingTP%,EffectiveOptionsTP%,StopLoss%,FinalCapital,TotalReturn%,CAGR%,WinRate%,MaxDD%,Trades
1,100,3,7.5,1,1.71E+25,1.71E+22,10486.42607,44.73835538,100,1739
1,100,4.5,11.25,1,2.95E+24,2.95E+21,8777.41281,33.94495413,100,1526
1,100,3,7.5,1.5,1.50E+23,1.50E+20,6489.589471,48.16010329,100,1549
1,100,4.5,11.25,1.5,8.27E+22,8.27E+19,6108.139859,37.85394933,100,1342
2,50,3,7.5,1,2.02E+22,2.02E+19,5292.037432,43.67052023,50,3460
2,50,4.5,11.25,1,7.00E+21,7.00E+18,4749.231786,32.35777705,50,3041
1,100,4.5,11.25,2,4.64E+21,4.64E+18,4554.01342,41.98800343,100,1167
1,100,3,7.5,2,1.22E+21,1.22E+18,3970.43559,51.44337528,100,1351
3,33.3,3,7.5,1,1.12E+21,1.12E+18,3937.534138,43.85164617,48.14814815,5042
2,50,3,7.5,1.5,8.20E+20,8.20E+17,3812.542668,47.53670473,50.42577642,3065
3,33.3,4.5,11.25,1,6.06E+20,6.06E+17,3696.110506,32.3080481,48.14814815,4324
2,50,4.5,11.25,1.5,1.84E+20,1.84E+17,3268.654115,35.93155894,50,2630
3,33.3,3,7.5,1.5,7.59E+19,7.59E+16,2983.502408,47.13968958,42.92019537,4510
2,50,4.5,11.25,2,5.40E+19,5.40E+16,2880.207558,40.34782609,50.71920368,2300
2,50,3,7.5,2,4.47E+19,4.47E+16,2824.578504,50.64838829,50,2699
3,33.3,4.5,11.25,1.5,3.21E+19,3.21E+16,2729.143933,35.86028461,43.11354037,3865
3,33.3,3,7.5,2,7.71E+18,7.7147E+15,2352.918301,50.84702908,43.0425831,3955
1,100,8,20,1,3.94E+18,3.9424E+15,2193.544958,20.79459003,100,1183
3,33.3,4.5,11.25,2,2.95E+18,2.9513E+15,2128.044708,39.00624814,43.28385252,3361
1,100,3,7.5,4,2.38E+18,2.37733E+15,2080.344358,62.39837398,100,984
3,33.3,8,20,1,7.62E+17,7.61975E+14,1845.702346,20.45390071,48.51303155,3525
2,50,8,20,1,7.45E+17,7.45343E+14,1841.410083,20.1356507,50.375,2359
2,50,3,7.5,4,4.47E+17,4.46698E+14,1744.45411,61.19096509,50,1948
2,50,4.5,11.25,4,1.36E+17,1.36094E+14,1537.626981,51.12781955,50,1596
3,33.3,3,7.5,4,1.35E+17,1.35119E+14,1536.449515,61.14737204,54.54195083,2911
3,33.3,8,20,1.5,1.23E+17,1.22925E+14,1521.033755,23.86102917,65.00877067,3051
2,50,8,20,1.5,9.94E+16,9.93676E+13,1486.887701,23.47091,50.5625,2011
3,33.3,4.5,11.25,4,6.94E+16,6.93838E+13,1430.864905,49.93731718,53.74187016,2393
1,100,4.5,11.25,4,5.30E+16,5.29515E+13,1390.015783,49.93614304,100,783
1,100,8,20,1.5,4.66E+16,4.65813E+13,1371.025906,23.42342342,100,999
1,100,12.5,31.25,1,5.60282E+15,5.60282E+12,1090.082007,16.63286004,100,986
1,100,8,20,2,4.81994E+15,4.81994E+12,1072.292132,26.61290323,100,868
2,50,8,20,2,3.86836E+15,3.86836E+12,1046.774205,26.25437573,51.64594374,1714
3,33.3,8,20,2,3.33348E+15,3.33348E+12,1029.823435,27.1139341,65.39687622,2519
1,100,3,7.5,8,2.77091E+15,2.77091E+12,1009.117448,64.00966184,100,828
2,50,3,7.5,8,2.17028E+15,2.17028E+12,982.3298054,63.25045482,50,1649
3,33.3,3,7.5,8,1.97481E+15,1.97481E+12,972.1550762,64.05228758,48.14814815,2448
2,50,12.5,31.25,1,1.76246E+15,1.76246E+12,960.0194358,15.50151976,55.3462334,1974
3,33.3,12.5,31.25,1,1.11146E+15,1.11146E+12,912.226377,15.36650975,53.16117523,2974
3,33.3,4.5,11.25,8,8.72655E+14,8.72655E+11,888.0186374,53.75634518,48.14814815,1970
2,50,4.5,11.25,8,8.15253E+14,8.15253E+11,881.3142487,54.20200463,54.66292478,1297
1,100,4.5,11.25,8,7.92924E+14,7.92924E+11,878.5909517,54.14110429,100,652
2,50,8,20,4,3.60017E+14,3.60017E+11,804.2466392,36.32550336,28.20147477,1192
3,33.3,8,20,4,2.51302E+14,2.51302E+11,772.2951882,35.86054234,59.37765079,1807
2,50,15,37.5,1,2.18781E+14,2.18781E+11,760.2815993,14.6856841,55.3462334,1893
3,33.3,15,37.5,1,1.54684E+14,1.54684E+11,730.9483882,14.79394153,53.17414956,2839
1,100,15,37.5,1,1.25324E+14,1.25324E+11,713.6293029,15.9214831,100,917
1,100,8,20,4,1.12781E+14,1.12781E+11,705.0885939,35.81081081,38.748221,592
3,33.3,12.5,31.25,1.5,9.93492E+13,99349203275,694.9369479,18.25775656,47.13833751,2514
1,100,12.5,31.25,4,8.04208E+13,80420752126,678.2995329,32.41106719,100,506
3,33.3,8,20,8,7.52262E+13,75226240513,673.1164363,42.47237569,63.00882211,1448
1,100,12.5,31.25,8,7.36532E+13,73653165270,671.4832183,38.2566586,100,413
2,50,12.5,31.25,1.5,6.17096E+13,61709618357,657.9444288,18.23137492,59.0994064,1651
2,50,8,20,8,5.57984E+13,55798433640,650.3455039,41.51329243,38.96553891,978
3,33.3,12.5,31.25,2,5.44543E+13,54454304157,648.5168473,20.99773243,51.09637376,2205
1,100,12.5,31.25,2,4.8458E+13,48458048940,639.8292209,21.81571816,100,738
2,50,12.5,31.25,2,4.17994E+13,41799379677,628.9663393,20.73921971,56.83936351,1461
3,33.3,12.5,31.25,4,3.00401E+13,30040112777,605.2625458,31.22878479,61.76757436,1473
1,100,12.5,31.25,1.5,2.73919E+13,27391925161,598.7795314,18.43043995,100,841
3,33.3,15,37.5,1.5,1.67858E+13,16785787844,565.3612822,17.79769526,48.28963562,2343
3,33.3,12.5,31.25,8,1.33677E+13,13367748856,550.3728563,34.66453674,60.7134734,1252
2,50,12.5,31.25,8,1.00107E+13,10010668063,531.8213301,35.50724638,78.06671661,828
1,100,8,20,8,9.95111E+12,9951114586,531.4441914,40.32586558,60.02446638,491
2,50,15,37.5,1.5,9.20738E+12,9207376881,526.5548286,17.79497099,56.43481037,1551
2,50,12.5,31.25,4,9.15323E+12,9153226086,526.1851048,31.21852971,100,993
1,100,15,37.5,4,7.34678E+12,7346775537,512.5597424,31.73913043,100,460
3,33.3,15,37.5,4,4.92193E+12,4921926109,488.4917358,30.03533569,66.37831507,1415
3,33.3,15,37.5,2,3.9236E+12,3923598524,475.2923152,20.0096432,49.52440433,2074
2,50,15,37.5,4,3.70764E+12,3707641101,472.0423753,30.05347594,100,935
2,50,15,37.5,8,3.06567E+12,3065673631,461.2616504,33.41677096,80.51371732,799
1,100,15,37.5,8,2.81863E+12,2818629640,456.5626774,35,100,400
2,50,15,37.5,2,1.24996E+12,1249955518,413.0687317,19.62962963,56.12451994,1350
3,33.3,15,37.5,8,1.23074E+12,1230739142,412.2739038,33.53293413,61.52621309,1169
1,100,25,62.5,1,1.20629E+12,1206290826,411.2463696,14.33778858,100,823
1,100,15,37.5,2,1.00878E+12,1008776849,402.1797857,21.22093023,100,688
3,33.3,25,62.5,1,6.67798E+11,667798356.8,381.8723228,13.41904379,55.16275072,2489
1,100,15,37.5,1.5,6.5365E+11,653649598,380.8407999,18.59229748,100,753
2,50,25,62.5,1,2.24367E+11,224367054.5,332.0469317,13.32116788,63.67885903,1644
3,33.3,25,62.5,4,68534060614,68533960.61,283.6987338,28.89245586,45.6669191,1246
3,33.3,25,62.5,1.5,61755092563,61754992.56,279.7203733,15.89184061,61.37014478,2108
1,100,25,62.5,2,42234789688,42234689.69,265.5546843,19.27512356,100,607
3,33.3,25,62.5,2,37668956948,37668856.95,261.3934493,19.1128149,52.55643647,1826
2,50,25,62.5,2,35341824388,35341724.39,259.0946347,18.20428336,72.8033439,1214
2,50,25,62.5,4,29822305174,29822205.17,253.0442069,28.31753555,51.84019486,844
1,100,25,62.5,1.5,28730920256,28730820.26,251.729515,17.23625557,100,673
2,50,50,125,1,26676697920,26676597.92,249.1281442,12.75773196,63.38854945,1552
3,33.3,50,125,1,25970838660,25970738.66,248.1925324,13.06620209,58.85104845,2296
2,50,25,62.5,8,22124461553,22124361.55,242.6520687,35.0148368,75.3736264,674
1,100,50,125,1,18756502467,18756402.47,237.0360534,13.82113821,100,738
3,33.3,25,62.5,8,13958805306,13958705.31,227.2180196,33.23643411,60.66468264,1032
2,50,25,62.5,1.5,12938865434,12938765.43,224.7429634,15.89595376,60.9898654,1384
1,100,25,62.5,4,11437518241,11437418.24,220.7595836,31.98090692,100,419
1,100,25,62.5,8,4950755714,4950655.714,194.9773723,37.1257485,100,334
1,100,50,125,1.5,717396831.5,717296.8315,143.1308333,17.1009772,100,614
3,33.3,50,125,8,488059995.6,487959.9956,133.9375603,32.66596417,82.41660473,949
3,33.3,50,125,2,414072369.3,413972.3693,130.1205324,19.29824561,70.58728977,1653
3,33.3,50,125,1.5,408615838,408515.838,129.8152637,16.05648536,63.29332459,1912
1,100,50,125,8,296830947.9,296730.9479,122.5813443,34.3373494,100,332
2,50,50,125,8,247310583.7,247210.5837,118.5529556,33.22884013,72.03850257,638
2,50,50,125,1.5,151036916,150936.916,108.0300418,15.91804571,64.7033401,1269
2,50,50,125,2,148332948,148232.948,107.6543202,18.1981982,75.22111256,1110
3,33.3,50,125,4,75017312.95,74917.31295,93.96040366,29.30107527,75.21205643,1116
1,100,50,125,2,72137327.52,72037.32752,93.20206736,18.21428571,100,560
2,50,50,125,4,26266028.5,26166.0285,74.62449094,28.26948481,74.95869236,757
1,100,50,125,4,3278690.561,3178.690561,41.7992253,29.7029703,100,404
