Date,Ticker,Type,Entry,Exit,PnL_%,PnL_USD,Capital
2016-10-03,BTC-USD,Crypto 1.5x,609.2410278320312,612.1329956054688,0.35,28.16,100028.16
2016-10-23,BTC-USD,Crypto 1.5x,612.1329956054688,657.0709838867188,10.65,852.39,100880.55
2016-12-18,BTC-USD,Crypto 1.5x,735.81298828125,790.530029296875,10.79,871.16,101751.7
2016-12-23,BTC-USD,Crypto 1.5x,790.530029296875,894.9253692626953,19.45,1583.14,103334.85
2017-01-25,RELIANCE.NS,Equity 1x2 Spread,237.71278381347656,221.8885040283203,-0.12,-9.92,103324.93
2017-02-03,^NSEI,Equity 1x2 Spread,8435.099609375,8740.9501953125,3.51,289.83,103614.75
2017-02-03,^NSEBANK,Equity 1x2 Spread,19124.02734375,20229.415634419714,3.1,256.26,103871.02
2017-02-09,BTC-USD,Crypto 1.5x,901.5419921875,1003.67998046875,16.63,1374.96,105245.97
2017-02-22,RELIANCE.NS,Equity 1x2 Spread,232.837890625,264.2791593572124,-2.5,-210.49,105035.48
2017-02-23,BTC-USD,Crypto 1.5x,994.3829956054688,1125.0830963134765,19.36,1629.69,106665.17
2017-03-02,^NSEI,Equity 1x2 Spread,8724.7001953125,8899.75,1.89,158.83,106824.0
2017-03-02,^NSEBANK,Equity 1x2 Spread,20163.46484375,20559.8125,1.85,155.4,106979.4
2017-03-10,BTC-USD,Crypto 1.5x,1166.719970703125,1108.3839721679688,-7.86,-670.71,106308.69
2017-03-17,^NSEI,Equity 1x2 Spread,8899.75,9160.0498046875,2.8,240.04,106548.73
2017-03-21,^NSEBANK,Equity 1x2 Spread,20663.41015625,21018.755859375,1.6,136.91,106685.64
2017-03-29,ICICIBANK.NS,Equity 1x2 Spread,248.87550354003906,244.50015258789062,-0.12,-10.21,106675.43
2017-04-03,^NSEI,Equity 1x2 Spread,9160.0498046875,9237.849609375,0.73,62.17,106737.6
2017-04-05,^NSEBANK,Equity 1x2 Spread,21018.755859375,21652.447265625,2.89,247.07,106984.68
2017-04-13,ICICIBANK.NS,Equity 1x2 Spread,244.50015258789062,245.02000427246094,0.09,7.9,106992.58
2017-04-18,^NSEI,Equity 1x2 Spread,9237.849609375,9105.150390625,-0.12,-10.25,106982.33
2017-04-20,^NSEBANK,Equity 1x2 Spread,21652.447265625,21491.150390625,-0.12,-10.27,106972.06
2017-04-24,BTC-USD,Crypto 1.5x,1133.25,1250.1500244140625,15.11,1290.52,108262.58
2017-04-28,ICICIBANK.NS,Equity 1x2 Spread,245.02000427246094,241.29446411132812,-0.12,-10.27,108252.31
2017-05-05,^NSEBANK,Equity 1x2 Spread,21491.150390625,22853.284209601174,2.54,217.53,108469.84
2017-05-08,BTC-USD,Crypto 1.5x,1250.1500244140625,1627.1489624023438,44.87,3886.58,112356.42
2017-05-18,^NSEI,Equity 1x2 Spread,9311.9501953125,9429.4501953125,1.14,98.88,112455.3
2017-06-02,^NSEBANK,Equity 1x2 Spread,22698.3359375,23375.62890625,2.86,257.65,112712.95
2017-06-02,ICICIBANK.NS,Equity 1x2 Spread,266.8101501464844,279.8062883042021,4.01,360.67,113073.62
2017-06-15,RELIANCE.NS,Equity 1x2 Spread,292.4269104003906,301.8603820800781,3.11,279.42,113353.04
2017-06-23,^NSEBANK,Equity 1x2 Spread,23535.826171875,23542.4765625,-0.09,-8.3,113344.74
2017-06-23,^NSEI,Equity 1x2 Spread,9647.25,9574.9501953125,-0.12,-10.86,113333.89
2017-06-27,ICICIBANK.NS,Equity 1x2 Spread,279.1131896972656,276.5389709472656,-0.12,-10.86,113323.03
2017-06-30,RELIANCE.NS,Equity 1x2 Spread,301.8603820800781,300.9989013671875,-0.12,-10.88,113312.15
2017-07-07,RELIANCE.NS,Equity 1x2 Spread,301.22784423828125,326.681918508177,0.43,38.97,113351.12
2017-07-10,^NSEBANK,Equity 1x2 Spread,23542.4765625,23674.775390625,0.44,40.07,113391.19
2017-07-10,^NSEI,Equity 1x2 Spread,9574.9501953125,9771.0498046875,1.93,174.81,113566.0
2017-07-12,ICICIBANK.NS,Equity 1x2 Spread,276.5389709472656,280.8133544921875,1.43,129.25,113695.25
2017-07-27,ICICIBANK.NS,Equity 1x2 Spread,280.8133544921875,302.0412643715182,1.32,120.11,113815.37
2017-07-28,^NSEI,Equity 1x2 Spread,9891.7001953125,10014.5,1.12,102.0,113917.37
2017-08-03,^NSEBANK,Equity 1x2 Spread,24152.369140625,24674.763671875,2.04,185.82,114103.18
2017-08-11,ICICIBANK.NS,Equity 1x2 Spread,295.0773620605469,275.6264953613281,-0.12,-10.93,114092.26
2017-08-28,TCS.NS,Equity 1x2 Spread,1006.77783203125,997.09716796875,-0.12,-10.95,114081.3
2017-09-04,BTC-USD,Crypto 1.5x,4382.8798828125,4163.735888671875,-7.86,-717.41,113363.89
2017-09-12,ICICIBANK.NS,Equity 1x2 Spread,289.0259704589844,279.7087707519531,-0.12,-10.95,113352.94
2017-09-13,RELIANCE.NS,Equity 1x2 Spread,350.5492248535156,378.0963393329069,1.02,93.25,113446.19
2017-09-20,^NSEI,Equity 1x2 Spread,9952.2001953125,10141.150390625,1.78,161.3,113607.49
2017-09-20,^NSEBANK,Equity 1x2 Spread,24328.017578125,24964.759765625,2.5,226.48,113833.97
2017-09-27,TCS.NS,Equity 1x2 Spread,997.5571899414062,1000.1834106445312,0.14,12.99,113846.96
2017-10-05,^NSEI,Equity 1x2 Spread,10141.150390625,9888.7001953125,-0.12,-10.93,113836.04
2017-10-05,^NSEBANK,Equity 1x2 Spread,24964.759765625,24057.771484375,-0.12,-10.93,113825.11
2017-10-12,BTC-USD,Crypto 1.5x,3926.070068359375,5121.909521484375,45.33,4127.93,117953.04
2017-10-12,TCS.NS,Equity 1x2 Spread,1000.1834106445312,1021.5097045898438,2.01,183.27,118136.31
2017-10-18,BTC-USD,Crypto 1.5x,5446.91015625,5174.5646484375,-7.86,-742.84,117393.47
2017-10-25,^NSEBANK,Equity 1x2 Spread,24347.166015625,25035.609375,2.71,246.56,117640.02
2017-10-27,^NSEI,Equity 1x2 Spread,10096.400390625,10323.0498046875,2.12,200.82,117840.84
2017-11-01,TCS.NS,Equity 1x2 Spread,1040.0904541015625,1046.25830078125,0.47,44.7,117885.54
2017-11-13,^NSEI,Equity 1x2 Spread,10323.0498046875,10224.9501953125,-0.12,-11.31,117874.23
2017-11-21,RELIANCE.NS,Equity 1x2 Spread,410.0184326171875,410.0403747558594,-0.11,-10.81,117863.42
2017-11-30,^NSEBANK,Equity 1x2 Spread,25218.607421875,25332.10546875,0.33,31.12,117894.54
2017-12-06,RELIANCE.NS,Equity 1x2 Spread,410.0403747558594,407.44622802734375,-0.12,-11.31,117883.23
2017-12-07,ICICIBANK.NS,Equity 1x2 Spread,306.3156433105469,293.7325744628906,-0.12,-11.31,117871.91
2017-12-08,^NSEI,Equity 1x2 Spread,10348.75,10265.650390625,-0.12,-11.31,117860.6
2017-12-15,^NSEBANK,Equity 1x2 Spread,25332.10546875,25440.005859375,0.31,28.86,117889.45
2017-12-21,RELIANCE.NS,Equity 1x2 Spread,407.44622802734375,401.4223327636719,-0.12,-11.32,117878.14
2017-12-26,ICICIBANK.NS,Equity 1x2 Spread,298.4873046875,305.5953063964844,2.26,213.22,118091.36
2018-01-08,RELIANCE.NS,Equity 1x2 Spread,404.69805908203125,408.2816467285156,0.77,72.19,118163.54
2018-01-10,ICICIBANK.NS,Equity 1x2 Spread,305.5953063964844,299.68792724609375,-0.12,-11.34,118152.21
2018-01-16,^NSEBANK,Equity 1x2 Spread,25317.8046875,25974.59765625,2.47,233.74,118385.95
2018-01-16,ICICIBANK.NS,Equity 1x2 Spread,305.16302490234375,327.30346821627637,1.62,153.57,118539.52
2018-01-18,^NSEI,Equity 1x2 Spread,10443.2001953125,10817.0,3.46,326.82,118866.34
2018-01-23,RELIANCE.NS,Equity 1x2 Spread,408.2816467285156,435.718704286832,2.16,204.17,119070.51
2018-01-23,ICICIBANK.NS,Equity 1x2 Spread,320.9158935546875,350.06823277535955,-0.2,-19.36,119051.16
2018-01-31,^NSEBANK,Equity 1x2 Spread,25974.59765625,27455.43075342421,3.18,301.46,119352.62
2018-02-02,^NSEI,Equity 1x2 Spread,10817.0,10760.599609375,-0.12,-11.41,119341.21
2018-03-14,RELIANCE.NS,Equity 1x2 Spread,417.9330139160156,408.5014953613281,-0.12,-11.46,119329.75
2018-03-15,TCS.NS,Equity 1x2 Spread,1222.880859375,1156.2578125,-0.12,-11.46,119318.3
2018-04-20,TCS.NS,Equity 1x2 Spread,1264.864990234375,1378.9316093312516,-0.14,-13.18,119305.11
2018-04-27,RELIANCE.NS,Equity 1x2 Spread,415.18487548828125,444.53471994533214,1.81,172.86,119477.97
2018-05-07,BTC-USD,Crypto 1.5x,9858.150390625,9365.24287109375,-7.86,-751.28,118726.7
2018-05-11,BTC-USD,Crypto 1.5x,9373.009765625,8904.35927734375,-7.86,-746.55,117980.14
2018-05-14,^NSEI,Equity 1x2 Spread,10692.2998046875,10806.599609375,0.95,90.71,118070.85
2018-05-15,^NSEBANK,Equity 1x2 Spread,25531.302734375,26971.736381979175,3.24,309.51,118380.36
2018-05-25,TCS.NS,Equity 1x2 Spread,1383.4442138671875,1480.6489054392412,1.85,175.1,118555.46
2018-05-29,^NSEI,Equity 1x2 Spread,10806.599609375,10633.2998046875,-0.12,-11.33,118544.12
2018-05-30,^NSEBANK,Equity 1x2 Spread,26473.69140625,26327.494140625,-0.12,-11.36,118532.76
2018-05-30,RELIANCE.NS,Equity 1x2 Spread,430.4423828125,402.807373046875,-0.12,-11.36,118521.39
2018-06-15,RELIANCE.NS,Equity 1x2 Spread,419.6477966308594,450.0309960817598,1.64,155.48,118676.88
2018-06-18,TCS.NS,Equity 1x2 Spread,1419.596435546875,1517.7923654758781,1.96,186.11,118862.99
2018-07-03,^NSEI,Equity 1x2 Spread,10799.849609375,10699.900390625,-0.12,-11.41,118851.58
2018-07-03,^NSEBANK,Equity 1x2 Spread,26408.994140625,26203.794921875,-0.12,-11.41,118840.17
2018-07-03,TCS.NS,Equity 1x2 Spread,1486.143798828125,1522.7489013671875,2.34,222.81,119062.97
2018-07-11,TCS.NS,Equity 1x2 Spread,1522.7489013671875,1623.4636248168158,2.27,215.84,119278.81
2018-07-19,^NSEBANK,Equity 1x2 Spread,26433.642578125,26789.33984375,1.23,116.74,119395.55
2018-07-31,^NSEI,Equity 1x2 Spread,10936.849609375,11356.5,3.72,354.69,119750.24
2018-08-03,^NSEBANK,Equity 1x2 Spread,26789.33984375,27695.177734375,3.26,311.51,120061.75
2018-08-09,TCS.NS,Equity 1x2 Spread,1613.3006591796875,1607.4793701171875,-0.12,-11.46,120050.29
2018-08-16,^NSEI,Equity 1x2 Spread,11356.5,11385.0498046875,0.13,12.59,120062.88
2018-08-20,RELIANCE.NS,Equity 1x2 Spread,520.9619750976562,547.4537798214348,3.79,364.49,120427.37
2018-08-24,TCS.NS,Equity 1x2 Spread,1607.4793701171875,1663.3729248046875,3.36,322.42,120749.78
2018-08-31,^NSEI,Equity 1x2 Spread,11385.0498046875,11680.5,2.48,237.73,120987.51
2018-09-05,^NSEBANK,Equity 1x2 Spread,28257.572265625,27375.732421875,-0.12,-11.56,120975.95
2018-09-10,TCS.NS,Equity 1x2 Spread,1663.3729248046875,1694.108642578125,1.73,166.9,121142.86
2018-09-12,RELIANCE.NS,Equity 1x2 Spread,583.838623046875,554.4031982421875,-0.12,-11.59,121131.27
2018-09-17,^NSEI,Equity 1x2 Spread,11680.5,11377.75,-0.12,-11.61,121119.65
2018-09-25,TCS.NS,Equity 1x2 Spread,1694.108642578125,1800.888830917434,2.58,249.75,121369.4
2018-11-22,ICICIBANK.NS,Equity 1x2 Spread,343.38311767578125,339.66851806640625,-0.12,-11.65,121357.75
2018-12-07,ICICIBANK.NS,Equity 1x2 Spread,339.66851806640625,339.813232421875,-0.08,-7.51,121350.23
2018-12-17,^NSEBANK,Equity 1x2 Spread,26862.63671875,27015.486328125,0.45,43.59,121393.82
2018-12-20,RELIANCE.NS,Equity 1x2 Spread,511.3124084472656,499.4941101074219,-0.12,-11.65,121382.17
2018-12-31,ICICIBANK.NS,Equity 1x2 Spread,339.5238037109375,347.483642578125,2.22,215.95,121598.12
2019-01-08,^NSEBANK,Equity 1x2 Spread,26714.439453125,27509.1796875,2.85,277.23,121875.35
2019-01-15,ICICIBANK.NS,Equity 1x2 Spread,347.483642578125,359.64044189453125,3.38,328.66,122204.01
2019-01-24,^NSEBANK,Equity 1x2 Spread,27720.078125,27266.083984375,-0.12,-11.7,122192.31
2019-02-04,ICICIBANK.NS,Equity 1x2 Spread,358.9168395996094,342.08056640625,-0.12,-11.73,122180.58
2019-02-08,^NSEI,Equity 1x2 Spread,10849.7998046875,10943.599609375,0.74,72.78,122253.36
2019-02-08,^NSEBANK,Equity 1x2 Spread,27266.083984375,27294.083984375,-0.02,-1.69,122251.67
2019-02-19,TCS.NS,Equity 1x2 Spread,1676.3778076171875,1557.4510498046875,-0.12,-11.73,122239.94
2019-03-12,RELIANCE.NS,Equity 1x2 Spread,547.8300170898438,590.4780384085485,1.1,107.09,122347.03
2019-03-15,ICICIBANK.NS,Equity 1x2 Spread,358.86865234375,384.24366102095314,1.81,176.92,122523.95
2019-03-22,^NSEI,Equity 1x2 Spread,11058.2001953125,11572.7998046875,4.23,413.31,122937.26
2019-03-27,RELIANCE.NS,Equity 1x2 Spread,589.3050537109375,597.2283325195312,1.22,119.85,123057.11
2019-03-28,TCS.NS,Equity 1x2 Spread,1635.6998291015625,1635.536376953125,-0.12,-11.75,123045.37
2019-04-01,ICICIBANK.NS,Equity 1x2 Spread,381.39739990234375,384.24365234375,0.63,61.39,123106.76
2019-04-08,^NSEI,Equity 1x2 Spread,11456.900390625,11604.5,1.17,114.9,123221.66
2019-04-16,ICICIBANK.NS,Equity 1x2 Spread,384.24365234375,392.6859130859375,2.08,204.57,123426.22
2019-04-30,^NSEI,Equity 1x2 Spread,11690.349609375,11748.150390625,0.37,36.91,123463.13
2019-04-30,RELIANCE.NS,Equity 1x2 Spread,593.2003784179688,616.5051879882812,3.81,375.45,123838.58
2019-05-15,TCS.NS,Equity 1x2 Spread,1848.1650390625,1713.29443359375,-0.12,-11.89,123826.69
2019-06-21,ETH-USD,Crypto 1.5x,247.52012634277344,278.0555778503418,18.14,1797.45,125624.14
2019-06-24,TCS.NS,Equity 1x2 Spread,1798.334228515625,1879.3175778675018,4.38,433.57,126057.71
2019-06-25,^NSEI,Equity 1x2 Spread,11922.7001953125,11796.4501953125,-0.12,-11.89,126045.82
2019-06-26,RELIANCE.NS,Equity 1x2 Spread,588.3313598632812,572.8390502929688,-0.12,-11.89,126033.94
2019-06-27,ETH-USD,Crypto 1.5x,294.9102783203125,280.1647644042969,-7.86,-789.92,125244.01
2019-07-09,TCS.NS,Equity 1x2 Spread,1875.6083984375,1758.440185546875,-0.12,-12.1,125231.91
2019-07-10,^NSEBANK,Equity 1x2 Spread,30846.69140625,30521.744140625,-0.12,-12.1,125219.81
2019-07-11,ICICIBANK.NS,Equity 1x2 Spread,423.2228088378906,411.54833984375,-0.12,-12.1,125207.71
2019-07-15,^NSEI,Equity 1x2 Spread,11788.849609375,11588.349609375,-0.12,-12.02,125195.69
2019-07-25,^NSEBANK,Equity 1x2 Spread,30521.744140625,29042.712890625,-0.12,-12.02,125183.67
2019-07-26,ICICIBANK.NS,Equity 1x2 Spread,411.54833984375,402.1082458496094,-0.12,-12.02,125171.65
2019-07-31,^NSEI,Equity 1x2 Spread,11662.599609375,11118.0,-0.12,-12.02,125159.63
2019-08-13,BTC-USD,Crypto 1.5x,10399.6689453125,11177.76259765625,10.86,1087.67,126247.3
2019-08-21,BTC-USD,Crypto 1.5x,10916.0537109375,10370.251025390624,-7.86,-793.84,125453.46
2019-09-16,TCS.NS,Equity 1x2 Spread,1866.853759765625,1776.3033447265625,-0.12,-12.04,125441.41
2019-10-25,RELIANCE.NS,Equity 1x2 Spread,606.8247680664062,641.8694010565094,3.1,311.59,125753.0
2019-10-25,ICICIBANK.NS,Equity 1x2 Spread,426.1428527832031,455.20680097058164,2.06,206.7,125959.71
2019-11-04,^NSEI,Equity 1x2 Spread,11661.849609375,11941.2998046875,2.28,228.43,126188.14
2019-11-11,RELIANCE.NS,Equity 1x2 Spread,637.30517578125,635.7910766601562,-0.12,-12.09,126176.05
2019-11-11,ICICIBANK.NS,Equity 1x2 Spread,453.7076721191406,482.6266037853838,2.51,252.53,126428.58
2019-11-19,^NSEI,Equity 1x2 Spread,11941.2998046875,11940.099609375,-0.12,-12.11,126416.46
2019-11-20,RELIANCE.NS,Equity 1x2 Spread,635.7910766601562,700.1806517569983,-1.25,-126.17,126290.29
2019-11-21,^NSEBANK,Equity 1x2 Spread,30609.244140625,31349.583984375,2.3,232.05,126522.34
2019-11-26,ICICIBANK.NS,Equity 1x2 Spread,480.498779296875,493.94268798828125,2.68,270.85,126793.2
2019-12-04,^NSEI,Equity 1x2 Spread,11940.099609375,12043.2001953125,0.74,75.19,126868.39
2019-12-06,^NSEBANK,Equity 1x2 Spread,31349.583984375,31341.185546875,-0.12,-12.15,126856.24
2019-12-11,ICICIBANK.NS,Equity 1x2 Spread,493.94268798828125,517.6387907921829,4.08,414.12,127270.36
2019-12-12,RELIANCE.NS,Equity 1x2 Spread,699.0452270507812,698.3104248046875,-0.12,-12.17,127258.19
2019-12-19,^NSEI,Equity 1x2 Spread,12043.2001953125,12259.7001953125,1.68,170.28,127428.47
2019-12-23,^NSEBANK,Equity 1x2 Spread,31341.185546875,32339.07421875,3.06,310.95,127739.41
2019-12-26,ICICIBANK.NS,Equity 1x2 Spread,516.0429077148438,521.072265625,0.85,87.01,127826.43
2019-12-31,RELIANCE.NS,Equity 1x2 Spread,697.5979614257812,674.1978759765625,-0.12,-12.22,127814.21
2020-01-03,^NSEI,Equity 1x2 Spread,12259.7001953125,12226.650390625,-0.12,-12.23,127801.98
2020-01-07,^NSEBANK,Equity 1x2 Spread,32339.07421875,31399.03515625,-0.12,-12.26,127789.71
2020-01-10,ICICIBANK.NS,Equity 1x2 Spread,521.072265625,522.5230712890625,0.16,16.2,127805.91
2020-01-15,TCS.NS,Equity 1x2 Spread,1826.125732421875,1881.203857421875,2.9,296.13,128102.05
2020-01-20,^NSEI,Equity 1x2 Spread,12226.650390625,12224.5498046875,-0.12,-12.27,128089.78
2020-01-24,RELIANCE.NS,Equity 1x2 Spread,689.3154907226562,677.5374755859375,-0.12,-12.27,128077.51
2020-01-29,ICICIBANK.NS,Equity 1x2 Spread,519.9600219726562,509.3209533691406,-0.12,-12.27,128065.24
2020-01-30,TCS.NS,Equity 1x2 Spread,1881.203857421875,1810.0789794921875,-0.12,-12.3,128052.94
2020-03-03,TCS.NS,Equity 1x2 Spread,1865.4521484375,1724.013671875,-0.12,-12.29,128040.65
2020-03-04,^NSEI,Equity 1x2 Spread,11992.5,11251.0,-0.12,-12.29,128028.36
2020-03-05,ICICIBANK.NS,Equity 1x2 Spread,526.9237670898438,487.94610595703125,-0.12,-12.29,128016.06
2020-04-29,ETH-USD,Crypto 1.5x,185.02867126464844,203.5405532836914,14.65,1500.07,129516.14
2020-05-04,ETH-USD,Crypto 1.5x,216.96823120117188,206.11981964111328,-7.86,-814.4,128701.74
2020-05-08,RELIANCE.NS,Equity 1x2 Spread,650.463623046875,703.5203455803562,0.72,74.47,128776.2
2020-05-19,BTC-USD,Crypto 1.5x,8801.0380859375,9729.0380859375,15.46,1601.47,130377.68
2020-05-21,ETH-USD,Crypto 1.5x,210.09674072265625,199.59190368652344,-7.86,-819.81,129557.86
2020-05-26,RELIANCE.NS,Equity 1x2 Spread,695.4605712890625,640.1321411132812,-0.12,-12.36,129545.5
2020-05-30,ETH-USD,Crypto 1.5x,208.69439697265625,226.50285568237305,12.44,1289.35,130834.85
2020-06-02,BTC-USD,Crypto 1.5x,10167.2685546875,9658.905126953125,-7.86,-822.69,130012.16
2020-06-04,RELIANCE.NS,Equity 1x2 Spread,658.27001953125,714.5044764477512,0.34,34.95,130047.11
2020-06-05,TCS.NS,Equity 1x2 Spread,1698.231201171875,1794.5772571431025,3.21,332.36,130379.47
2020-06-11,BTC-USD,Crypto 1.5x,9771.4892578125,9282.914794921875,-7.86,-819.83,129559.65
2020-06-15,ETH-USD,Crypto 1.5x,237.4932098388672,225.61854934692383,-7.86,-814.67,128744.97
2020-06-19,RELIANCE.NS,Equity 1x2 Spread,710.1441650390625,804.0927203501327,-2.5,-260.09,128484.88
2020-06-22,TCS.NS,Equity 1x2 Spread,1752.0223388671875,1734.6580810546875,-0.12,-12.52,128472.36
2020-06-27,BTC-USD,Crypto 1.5x,9538.0244140625,9061.123193359375,-7.86,-809.55,127662.82
2020-06-27,ETH-USD,Crypto 1.5x,234.41616821289062,222.6953598022461,-7.86,-809.55,126853.27
2020-07-02,TCS.NS,Equity 1x2 Spread,1734.6580810546875,1851.8871415303802,2.12,218.09,127071.36
2020-07-07,TCS.NS,Equity 1x2 Spread,1845.17236328125,1969.6725611133259,2.13,216.8,127288.16
2020-07-10,RELIANCE.NS,Equity 1x2 Spread,794.524169921875,850.6037089763864,1.82,185.19,127473.35
2020-07-17,^NSEI,Equity 1x2 Spread,10551.7001953125,10901.7001953125,3.2,325.0,127798.35
2020-07-22,RELIANCE.NS,Equity 1x2 Spread,847.6473999023438,907.202312550526,1.85,189.08,127987.43
2020-07-25,ETH-USD,Crypto 1.5x,239.07553100585938,286.5481788635254,29.43,2996.38,130983.8
2020-07-26,BTC-USD,Crypto 1.5x,9375.474609375,9905.1669921875,8.11,824.91,131808.71
2020-08-07,^NSEI,Equity 1x2 Spread,11215.4501953125,11214.0498046875,-0.12,-12.29,131796.43
2020-08-31,TCS.NS,Equity 1x2 Spread,1922.181884765625,1935.1268310546875,0.55,58.35,131854.78
2020-08-31,ICICIBANK.NS,Equity 1x2 Spread,379.3309631347656,408.15312260324686,1.28,135.15,131989.94
2020-09-02,RELIANCE.NS,Equity 1x2 Spread,956.19580078125,960.5511474609375,0.34,35.37,132025.31
2020-09-03,BTC-USD,Crypto 1.5x,11774.595703125,11185.86591796875,-7.86,-828.74,131196.57
2020-09-10,RELIANCE.NS,Equity 1x2 Spread,960.5511474609375,1058.3801472724467,-1.3,-137.8,131058.77
2020-09-14,TCS.NS,Equity 1x2 Spread,1935.1268310546875,2148.1640668867335,-2.13,-224.8,130833.97
2020-09-30,^NSEI,Equity 1x2 Spread,11521.7998046875,11247.5498046875,-0.12,-12.56,130821.41
2020-10-13,RELIANCE.NS,Equity 1x2 Spread,1000.2920532226562,1029.38134765625,2.79,291.82,131113.23
2020-10-27,^NSEI,Equity 1x2 Spread,11930.9501953125,11889.400390625,-0.12,-12.56,131100.67
2020-10-28,RELIANCE.NS,Equity 1x2 Spread,1029.38134765625,907.856689453125,-0.12,-12.59,131088.09
2020-10-30,BTC-USD,Crypto 1.5x,11296.361328125,13546.5224609375,29.52,3089.38,134177.46
2020-11-02,ETH-USD,Crypto 1.5x,381.1907653808594,383.15673828125,0.41,43.38,134220.85
2020-11-11,^NSEI,Equity 1x2 Spread,11908.5,12769.75,1.65,176.93,134397.78
2020-11-14,TCS.NS,Equity 1x2 Spread,2294.30029296875,2299.03515625,0.09,9.27,134407.05
2020-12-01,TCS.NS,Equity 1x2 Spread,2299.03515625,2347.635986328125,1.99,214.4,134621.45
2020-12-07,^NSEI,Equity 1x2 Spread,12859.0498046875,13355.75,3.74,402.43,135023.88
2020-12-16,TCS.NS,Equity 1x2 Spread,2347.635986328125,2422.8828125,3.09,332.27,135356.15
2020-12-17,BTC-USD,Crypto 1.5x,18803.65625,21338.62763671875,19.86,2145.46,137501.62
2020-12-22,^NSEI,Equity 1x2 Spread,13355.75,13466.2998046875,0.71,76.45,137578.07
2020-12-28,^NSEBANK,Equity 1x2 Spread,30604.494140625,30880.58984375,0.78,84.49,137662.55
2020-12-31,TCS.NS,Equity 1x2 Spread,2422.8828125,2464.68212890625,1.61,173.82,137836.37
2021-01-01,ICICIBANK.NS,Equity 1x2 Spread,493.6524963378906,519.3796874999999,3.67,403.53,138239.9
2021-01-12,^NSEBANK,Equity 1x2 Spread,30880.58984375,32397.573535180407,3.97,436.95,138676.85
2021-01-18,ICICIBANK.NS,Equity 1x2 Spread,510.19140625,515.6560668945312,0.95,105.18,138782.03
2021-01-20,^NSEI,Equity 1x2 Spread,14199.5,14644.7001953125,3.02,333.47,139115.5
2021-01-27,^NSEBANK,Equity 1x2 Spread,32338.625,30284.19921875,-0.12,-13.31,139102.19
2021-02-01,ICICIBANK.NS,Equity 1x2 Spread,528.5197143554688,589.452425884442,-2.5,-277.56,138824.63
2021-02-10,BTC-USD,Crypto 1.5x,46196.46484375,43886.6416015625,-7.86,-872.93,137951.7
2021-02-15,ETH-USD,Crypto 1.5x,1814.10986328125,1723.4043701171875,-7.86,-867.44,137084.26
2021-02-19,BTC-USD,Crypto 1.5x,44918.18359375,51438.74140625,21.41,2363.36,139447.62
2021-02-22,ETH-USD,Crypto 1.5x,1779.791015625,1690.80146484375,-7.86,-861.99,138585.64
2021-02-22,BTC-USD,Crypto 1.5x,55888.1328125,53093.726171874994,-7.86,-876.85,137708.79
2021-02-23,ETH-USD,Crypto 1.5x,1781.992919921875,1692.8932739257812,-7.86,-865.91,136842.88
2021-03-03,^NSEI,Equity 1x2 Spread,15313.4501953125,15245.599609375,-0.12,-13.16,136829.72
2021-03-18,ETH-USD,Crypto 1.5x,1799.166259765625,1709.2079467773438,-7.86,-860.39,135969.33
2021-03-24,BTC-USD,Crypto 1.5x,56008.55078125,53208.123242187496,-7.86,-860.39,135108.95
2021-03-25,SOL-USD,Crypto 1.5x,14.332205772399902,13.615595483779906,-7.86,-854.98,134253.97
2021-03-30,TCS.NS,Equity 1x2 Spread,2637.7490234375,2724.52587890625,3.17,346.98,134600.95
2021-03-31,^NSEI,Equity 1x2 Spread,14910.4501953125,14690.7001953125,-0.12,-13.14,134587.81
2021-04-15,SOL-USD,Crypto 1.5x,14.779420852661133,27.818313598632812,131.97,14174.53,148762.34
2021-04-16,BTC-USD,Crypto 1.5x,55973.51171875,61572.7890625,14.65,1572.94,150335.28
2021-04-16,ICICIBANK.NS,Equity 1x2 Spread,574.8963012695312,548.3470458984375,-0.12,-12.92,150322.36
2021-04-18,ETH-USD,Crypto 1.5x,1918.362060546875,2287.785888671875,28.53,3071.39,153393.75
2021-04-18,BTC-USD,Crypto 1.5x,61572.7890625,58494.149609374996,-7.86,-945.23,152448.52
2021-05-14,^NSEI,Equity 1x2 Spread,14864.5498046875,14677.7998046875,-0.12,-14.64,152433.89
2021-05-24,TCS.NS,Equity 1x2 Spread,2702.400146484375,2658.06298828125,-0.12,-14.64,152419.25
2021-05-25,ICICIBANK.NS,Equity 1x2 Spread,593.1277465820312,630.6063279276439,2.56,312.36,152731.61
2021-06-01,^NSEI,Equity 1x2 Spread,14923.150390625,15660.75,3.94,480.15,153211.76
2021-06-07,^NSEBANK,Equity 1x2 Spread,34606.49609375,35443.23828125,2.3,280.22,153491.98
2021-06-08,SOL-USD,Crypto 1.5x,38.262332916259766,36.349216270446775,-7.86,-965.16,152526.82
2021-06-09,ICICIBANK.NS,Equity 1x2 Spread,628.9620971679688,615.2279663085938,-0.12,-14.66,152512.16
2021-06-09,SOL-USD,Crypto 1.5x,41.51781463623047,39.44192390441894,-7.86,-959.09,151553.07
2021-06-10,SOL-USD,Crypto 1.5x,42.031776428222656,39.93018760681152,-7.86,-952.97,150600.1
2021-06-11,TCS.NS,Equity 1x2 Spread,2756.44580078125,2837.752197265625,2.83,345.75,150945.85
2021-06-11,SOL-USD,Crypto 1.5x,41.09867477416992,39.04374103546142,-7.86,-946.97,149998.88
2021-06-14,SOL-USD,Crypto 1.5x,38.77043533325195,36.83191356658936,-7.86,-943.19,149055.68
2021-06-16,^NSEI,Equity 1x2 Spread,15574.849609375,15767.5498046875,1.12,136.94,149192.62
2021-06-18,SOL-USD,Crypto 1.5x,38.71305465698242,36.7774019241333,-7.86,-937.26,148255.36
2021-06-24,^NSEBANK,Equity 1x2 Spread,34800.09375,34826.59375,-0.04,-5.32,148250.05
2021-06-28,TCS.NS,Equity 1x2 Spread,2837.752197265625,2892.3173828125,1.8,216.34,148466.38
2021-07-01,^NSEI,Equity 1x2 Spread,15767.5498046875,15680.0,-0.12,-14.32,148452.06
2021-07-09,^NSEBANK,Equity 1x2 Spread,34826.59375,35071.54296875,0.58,69.18,148521.25
2021-07-12,ICICIBANK.NS,Equity 1x2 Spread,627.7046508789062,625.044921875,-0.12,-14.23,148507.01
2021-07-19,^NSEI,Equity 1x2 Spread,15722.2001953125,15752.400390625,0.07,8.56,148515.57
2021-07-23,TCS.NS,Equity 1x2 Spread,2824.489990234375,2790.998046875,-0.12,-14.25,148501.32
2021-07-26,^NSEBANK,Equity 1x2 Spread,35071.54296875,34949.29296875,-0.12,-14.26,148487.06
2021-07-27,ICICIBANK.NS,Equity 1x2 Spread,625.044921875,663.103857743579,2.79,331.59,148818.65
2021-08-03,^NSEI,Equity 1x2 Spread,15752.400390625,16130.75,2.28,271.11,149089.76
2021-08-13,TCS.NS,Equity 1x2 Spread,2796.6875,3023.0711163036794,0.79,93.49,149183.26
2021-08-18,ETH-USD,Crypto 1.5x,2561.85205078125,3005.7888671875,25.63,3051.75,152235.01
2021-09-01,ICICIBANK.NS,Equity 1x2 Spread,667.6643676757812,712.7703952911427,2.12,258.7,152493.71
2021-09-01,ETH-USD,Crypto 1.5x,3227.002685546875,3531.872692871094,13.81,1682.04,154175.75
2021-09-07,BTC-USD,Crypto 1.5x,47054.984375,44702.23515625,-7.86,-957.25,153218.49
2021-09-20,BTC-USD,Crypto 1.5x,48278.36328125,45864.4451171875,-7.86,-963.44,152255.06
2021-09-22,ICICIBANK.NS,Equity 1x2 Spread,695.4070434570312,682.2632446289062,-0.12,-14.71,152240.35
2021-09-29,^NSEBANK,Equity 1x2 Spread,36612.625,37742.5625,2.97,363.58,152603.93
2021-09-30,^NSEI,Equity 1x2 Spread,17519.44921875,17618.150390625,0.44,54.35,152658.28
2021-10-06,SOL-USD,Crypto 1.5x,161.682373046875,153.59825439453124,-7.86,-959.92,151698.36
2021-10-11,SOL-USD,Crypto 1.5x,154.1077423095703,146.4023551940918,-7.86,-953.88,150744.48
2021-10-11,ETH-USD,Crypto 1.5x,3587.974853515625,3408.5761108398438,-7.86,-953.88,149790.6
2021-10-13,SOL-USD,Crypto 1.5x,152.73712158203125,145.1002655029297,-7.86,-941.88,148848.72
2021-10-17,SOL-USD,Crypto 1.5x,162.59620666503906,154.4663963317871,-7.86,-935.96,147912.76
2021-10-22,ETH-USD,Crypto 1.5x,4155.9921875,3948.1925781249997,-7.86,-930.08,146982.68
2021-10-25,^NSEBANK,Equity 1x2 Spread,38521.05078125,41829.113661403244,0.29,35.03,147017.71
2021-10-25,ICICIBANK.NS,Equity 1x2 Spread,705.4952392578125,841.0069364855135,-2.5,-297.7,146720.01
2021-10-27,SOL-USD,Crypto 1.5x,159.74380493164062,183.91006774902343,22.33,2642.57,149362.59
2021-11-16,ETH-USD,Crypto 1.5x,4521.5810546875,4295.502001953125,-7.86,-939.19,148423.4
2021-11-18,BTC-USD,Crypto 1.5x,61527.48046875,58451.1064453125,-7.86,-939.19,147484.21
2021-12-02,^NSEI,Equity 1x2 Spread,17898.650390625,17401.650390625,-0.12,-14.25,147469.96
2021-12-30,ICICIBANK.NS,Equity 1x2 Spread,729.6972045898438,713.6434326171875,-0.12,-14.16,147455.8
2022-01-18,TCS.NS,Equity 1x2 Spread,3322.8369140625,3517.755570912798,3.01,355.54,147811.34
2022-01-19,^NSEI,Equity 1x2 Spread,17805.25,17938.400390625,0.63,74.06,147885.4
2022-01-20,ICICIBANK.NS,Equity 1x2 Spread,764.4238891601562,785.9583129882812,2.7,318.16,148203.56
2022-01-28,RELIANCE.NS,Equity 1x2 Spread,1148.2828369140625,1057.9482421875,-0.12,-14.16,148189.41
2022-02-02,^NSEBANK,Equity 1x2 Spread,38209.85546875,39330.04296875,2.81,332.48,148521.88
2022-02-03,^NSEI,Equity 1x2 Spread,17938.400390625,17560.19921875,-0.12,-14.2,148507.69
2022-02-04,ICICIBANK.NS,Equity 1x2 Spread,785.9583129882812,780.9142456054688,-0.12,-14.23,148493.46
2022-04-01,BTC-USD,Crypto 1.5x,46820.4921875,44479.467578125,-7.86,-933.73,147559.73
2022-04-06,ETH-USD,Crypto 1.5x,3385.157958984375,3215.900061035156,-7.86,-933.73,146626.01
2022-04-18,RELIANCE.NS,Equity 1x2 Spread,1210.6270751953125,1152.1551513671875,-0.12,-14.26,146611.75
2022-04-19,^NSEI,Equity 1x2 Spread,18053.400390625,16958.650390625,-0.12,-14.17,146597.58
2022-04-26,^NSEBANK,Equity 1x2 Spread,37613.36328125,36404.37890625,-0.12,-14.08,146583.51
2022-04-27,RELIANCE.NS,Equity 1x2 Spread,1196.065673828125,1280.8518611647926,1.79,210.07,146793.58
2022-05-04,ICICIBANK.NS,Equity 1x2 Spread,735.0807495117188,702.5366821289062,-0.12,-14.07,146779.51
2022-05-06,^NSEI,Equity 1x2 Spread,17392.599609375,16411.25,-0.12,-14.07,146765.43
2022-06-21,RELIANCE.NS,Equity 1x2 Spread,1253.4730224609375,1170.38525390625,-0.12,-14.09,146751.34
2022-07-26,ICICIBANK.NS,Equity 1x2 Spread,746.4300537109375,772.426513671875,3.36,394.79,147146.14
2022-08-04,^NSEBANK,Equity 1x2 Spread,35971.68359375,38231.40854326938,2.6,305.01,147451.15
2022-08-10,^NSEI,Equity 1x2 Spread,16631.0,17566.099609375,3.26,382.42,147833.57
2022-08-10,ICICIBANK.NS,Equity 1x2 Spread,776.5006713867188,832.3920123947211,1.68,198.02,148031.59
2022-08-25,ICICIBANK.NS,Equity 1x2 Spread,828.2446899414062,851.2745361328125,2.66,315.08,148346.66
2022-08-26,TCS.NS,Equity 1x2 Spread,3012.09033203125,2835.809814453125,-0.12,-14.21,148332.45
2022-08-29,^NSEI,Equity 1x2 Spread,17698.150390625,17312.900390625,-0.12,-14.21,148318.24
2022-08-29,RELIANCE.NS,Equity 1x2 Spread,1192.5328369140625,1180.3609619140625,-0.12,-14.21,148304.03
2022-09-29,ICICIBANK.NS,Equity 1x2 Spread,895.9192504882812,823.5119018554688,-0.12,-14.24,148289.79
2022-09-30,^NSEI,Equity 1x2 Spread,17877.400390625,17094.349609375,-0.12,-14.24,148275.56
2022-09-30,^NSEBANK,Equity 1x2 Spread,41208.71875,38631.5,-0.12,-14.24,148261.32
2022-11-03,^NSEBANK,Equity 1x2 Spread,40372.73046875,41297.87109375,2.17,257.56,148518.88
2022-11-03,ICICIBANK.NS,Equity 1x2 Spread,870.54736328125,886.6975708007812,1.74,205.81,148724.69
2022-11-09,^NSEI,Equity 1x2 Spread,17730.75,18157.0,2.28,270.9,148995.59
2022-11-18,^NSEBANK,Equity 1x2 Spread,41297.87109375,42436.95703125,2.64,313.89,149309.49
2022-11-22,ICICIBANK.NS,Equity 1x2 Spread,895.333740234375,901.3839721679688,0.56,66.12,149375.61
2022-11-24,^NSEI,Equity 1x2 Spread,18157.0,18484.099609375,1.68,200.43,149576.04
2022-12-01,RELIANCE.NS,Equity 1x2 Spread,1177.9527587890625,1251.8601266305577,2.61,310.6,149886.64
2022-12-05,^NSEBANK,Equity 1x2 Spread,42436.95703125,43332.4453125,1.99,237.72,150124.36
2022-12-07,ICICIBANK.NS,Equity 1x2 Spread,901.3839721679688,899.8713989257812,-0.12,-14.34,150110.02
2022-12-09,^NSEI,Equity 1x2 Spread,18484.099609375,18496.599609375,-0.05,-6.27,150103.75
2022-12-20,^NSEBANK,Equity 1x2 Spread,43332.4453125,43358.99609375,-0.06,-7.05,150096.7
2022-12-22,ICICIBANK.NS,Equity 1x2 Spread,899.8713989257812,869.1324462890625,-0.12,-14.41,150082.29
2022-12-26,^NSEI,Equity 1x2 Spread,18496.599609375,18014.599609375,-0.12,-14.41,150067.88
2023-01-04,^NSEBANK,Equity 1x2 Spread,43358.99609375,42958.80078125,-0.12,-14.41,150053.47
2023-01-04,RELIANCE.NS,Equity 1x2 Spread,1191.334716796875,1144.4183349609375,-0.12,-14.41,150039.06
2023-01-18,TCS.NS,Equity 1x2 Spread,2921.81103515625,3076.3014811096996,3.59,431.3,150470.36
2023-02-07,^NSEI,Equity 1x2 Spread,18118.55078125,17721.5,-0.12,-14.45,150455.91
2023-02-08,^NSEBANK,Equity 1x2 Spread,42733.44921875,41537.6484375,-0.12,-14.45,150441.47
2023-02-08,TCS.NS,Equity 1x2 Spread,3100.982421875,3176.605224609375,2.32,279.11,150720.58
2023-03-01,TCS.NS,Equity 1x2 Spread,3158.55712890625,3055.320068359375,-0.12,-14.47,150706.11
2023-04-22,BTC-USD,Crypto 1.5x,28199.30859375,27817.5,-2.39,-288.26,150417.85
2023-04-26,ETH-USD,Crypto 1.5x,1872.922607421875,1866.564208984375,-0.87,-104.8,150313.05
2023-05-01,BTC-USD,Crypto 1.5x,29268.806640625,27805.366308593748,-7.86,-945.17,149367.88
2023-05-03,^NSEBANK,Equity 1x2 Spread,42265.19921875,43312.69921875,2.36,284.34,149652.22
2023-05-10,^NSEI,Equity 1x2 Spread,17769.25,18315.099609375,2.95,355.21,150007.43
2023-05-11,ICICIBANK.NS,Equity 1x2 Spread,892.8453979492188,916.5094604492188,2.53,304.28,150311.71
2023-05-18,^NSEBANK,Equity 1x2 Spread,43312.69921875,43752.30078125,0.89,107.14,150418.86
2023-05-19,RELIANCE.NS,Equity 1x2 Spread,1112.360595703125,1109.611572265625,-0.12,-14.37,150404.49
2023-05-25,^NSEI,Equity 1x2 Spread,18315.099609375,18321.150390625,-0.09,-10.44,150394.05
2023-05-26,ICICIBANK.NS,Equity 1x2 Spread,916.5094604492188,927.731689453125,1.1,132.81,150526.86
2023-06-05,^NSEBANK,Equity 1x2 Spread,43969.3984375,44101.6484375,0.18,21.75,150548.62
2023-06-05,RELIANCE.NS,Equity 1x2 Spread,1109.611572265625,1125.6517333984375,1.33,159.5,150708.11
2023-06-12,ICICIBANK.NS,Equity 1x2 Spread,927.731689453125,913.3380126953125,-0.12,-14.45,150693.66
2023-06-12,TCS.NS,Equity 1x2 Spread,3004.062255859375,2930.063720703125,-0.12,-14.45,150679.21
2023-06-20,^NSEI,Equity 1x2 Spread,18593.849609375,18816.69921875,1.08,130.03,150809.24
2023-06-20,^NSEBANK,Equity 1x2 Spread,44101.6484375,43766.5,-0.12,-14.47,150794.78
2023-06-27,ICICIBANK.NS,Equity 1x2 Spread,913.3380126953125,913.4843139648438,-0.1,-12.53,150782.24
2023-06-30,RELIANCE.NS,Equity 1x2 Spread,1159.549560546875,1158.8226318359375,-0.12,-14.47,150767.78
2023-07-05,^NSEI,Equity 1x2 Spread,18816.69921875,19398.5,2.97,358.52,151126.3
2023-07-05,^NSEBANK,Equity 1x2 Spread,43766.5,45151.80078125,3.05,367.36,151493.66
2023-07-17,ICICIBANK.NS,Equity 1x2 Spread,912.0205688476562,945.2968139648438,3.53,425.6,151919.26
2023-07-21,^NSEI,Equity 1x2 Spread,19497.30078125,19745.0,1.15,139.43,152058.69
2023-07-22,BTC-USD,Crypto 1.5x,30620.76953125,29771.802734375,-4.52,-545.03,151513.66
2023-07-30,ETH-USD,Crypto 1.5x,1880.556396484375,1861.643798828125,-1.87,-226.46,151287.2
2023-07-30,SOL-USD,Crypto 1.5x,25.168973922729492,23.910525226593016,-7.86,-952.72,150334.49
2023-08-12,BTC-USD,Crypto 1.5x,30084.5390625,29415.96484375,-3.69,-447.69,149886.8
2023-08-16,SOL-USD,Crypto 1.5x,24.211763381958008,23.001175212860105,-7.86,-945.3,148941.49
2023-09-05,TCS.NS,Equity 1x2 Spread,3100.584716796875,3125.83349609375,0.69,82.73,149024.22
2023-09-05,ICICIBANK.NS,Equity 1x2 Spread,939.7955322265625,952.7826538085938,1.26,150.36,149174.58
2023-09-06,^NSEI,Equity 1x2 Spread,19396.44921875,19611.05078125,0.99,117.53,149292.12
2023-09-07,^NSEBANK,Equity 1x2 Spread,44479.05078125,44878.3515625,0.78,92.67,149384.78
2023-09-20,TCS.NS,Equity 1x2 Spread,3125.83349609375,3304.167551602088,3.17,378.88,149763.67
2023-09-21,^NSEI,Equity 1x2 Spread,19611.05078125,19742.349609375,0.55,65.63,149829.3
2023-09-21,ICICIBANK.NS,Equity 1x2 Spread,942.0584716796875,943.8294067382812,0.07,8.12,149837.42
2023-09-26,RELIANCE.NS,Equity 1x2 Spread,1222.556884765625,1157.2939453125,-0.12,-14.34,149823.08
2023-10-11,^NSEI,Equity 1x2 Spread,19664.69921875,19811.349609375,0.63,75.0,149898.08
2023-10-20,SOL-USD,Crypto 1.5x,21.922027587890625,25.177752685546874,21.92,2628.26,152526.34
2023-10-26,^NSEBANK,Equity 1x2 Spread,44516.8984375,42280.1484375,-0.12,-14.39,152511.95
2023-10-27,ICICIBANK.NS,Equity 1x2 Spread,938.86083984375,898.0301513671875,-0.12,-14.39,152497.56
2023-10-31,^NSEI,Equity 1x2 Spread,19731.75,19079.599609375,-0.12,-14.39,152483.17
2023-11-06,TCS.NS,Equity 1x2 Spread,3193.504638671875,3089.05126953125,-0.12,-14.64,152468.53
2023-11-24,^NSEI,Equity 1x2 Spread,19395.30078125,19794.69921875,1.94,236.54,152705.07
2023-12-01,TCS.NS,Equity 1x2 Spread,3196.520751953125,3209.131591796875,0.27,33.48,152738.55
2023-12-05,BTC-USD,Crypto 1.5x,37479.12109375,42148.99765625,18.33,2239.26,154977.81
2023-12-08,SOL-USD,Crypto 1.5x,60.99483108520508,68.31650924682617,17.65,2187.75,157165.56
2023-12-10,SOL-USD,Crypto 1.5x,75.00243377685547,71.25231208801269,-7.86,-988.26,156177.3
2023-12-11,^NSEI,Equity 1x2 Spread,19794.69921875,21026.099609375,2.66,324.85,156502.15
2023-12-11,^NSEBANK,Equity 1x2 Spread,44566.44921875,47588.0,2.1,256.56,156758.71
2023-12-15,TCS.NS,Equity 1x2 Spread,3209.131591796875,3560.326085415491,-2.06,-252.15,156506.56
2024-01-03,^NSEBANK,Equity 1x2 Spread,47870.8984375,47704.94921875,-0.12,-15.02,156491.53
2024-01-23,^NSEI,Equity 1x2 Spread,21710.80078125,21238.80078125,-0.12,-15.02,156476.51
2024-01-23,^NSEBANK,Equity 1x2 Spread,48159.0,45015.05078125,-0.12,-15.02,156461.49
2024-01-23,ICICIBANK.NS,Equity 1x2 Spread,977.6746215820312,1042.3151122922168,2.27,283.98,156745.47
2024-02-12,BTC-USD,Crypto 1.5x,42120.0546875,47911.3396484375,20.26,2541.06,159286.53
2024-02-12,SOL-USD,Crypto 1.5x,94.16321563720703,104.69809455871582,16.42,2059.24,161345.77
2024-02-17,SOL-USD,Crypto 1.5x,111.99275207519531,106.39311447143554,-7.86,-1014.54,160331.22
2024-02-21,SOL-USD,Crypto 1.5x,108.98401641845703,103.53481559753418,-7.86,-1008.16,159323.06
2024-02-27,ETH-USD,Crypto 1.5x,2423.7451171875,3244.519287109375,50.44,6324.47,165647.53
2024-02-28,BTC-USD,Crypto 1.5x,49958.22265625,59111.9578125,27.12,3501.1,169148.63
2024-03-04,^NSEI,Equity 1x2 Spread,22040.69921875,22405.599609375,1.54,198.21,169346.83
2024-03-07,RELIANCE.NS,Equity 1x2 Spread,1450.2115478515625,1461.3028564453125,0.64,82.19,169429.02
2024-03-13,ICICIBANK.NS,Equity 1x2 Spread,1043.1021728515625,1066.4691162109375,2.12,280.96,169709.97
2024-03-18,^NSEBANK,Equity 1x2 Spread,47286.8984375,46575.8984375,-0.12,-16.24,169693.74
2024-03-19,^NSEI,Equity 1x2 Spread,22405.599609375,21817.44921875,-0.12,-16.26,169677.48
2024-03-22,RELIANCE.NS,Equity 1x2 Spread,1461.3028564453125,1437.6876220703125,-0.12,-16.27,169661.21
2024-04-02,^NSEBANK,Equity 1x2 Spread,46575.8984375,47545.44921875,1.96,266.3,169927.52
2024-04-02,ICICIBANK.NS,Equity 1x2 Spread,1063.7635498046875,1063.7635498046875,-0.12,-16.29,169911.23
2024-04-03,^NSEI,Equity 1x2 Spread,21817.44921875,22434.650390625,2.71,367.72,170278.94
2024-04-08,RELIANCE.NS,Equity 1x2 Spread,1437.6876220703125,1468.2686767578125,2.01,272.42,170551.37
2024-04-10,BTC-USD,Crypto 1.5x,71631.359375,68049.79140624999,-7.86,-1072.43,169478.94
2024-04-12,BTC-USD,Crypto 1.5x,70587.8828125,67058.48867187499,-7.86,-1065.68,168413.26
2024-04-18,^NSEBANK,Equity 1x2 Spread,47545.44921875,47069.44921875,-0.12,-16.31,168396.94
2024-04-18,ICICIBANK.NS,Equity 1x2 Spread,1063.7635498046875,1038.4288330078125,-0.12,-16.31,168380.63
2024-04-18,^NSEI,Equity 1x2 Spread,22434.650390625,21995.849609375,-0.12,-16.35,168364.29
2024-04-29,RELIANCE.NS,Equity 1x2 Spread,1449.6680908203125,1447.568359375,-0.12,-16.17,168348.12
2024-05-03,^NSEBANK,Equity 1x2 Spread,47069.44921875,49607.75,3.49,469.71,168817.83
2024-05-07,^NSEI,Equity 1x2 Spread,22336.400390625,22302.5,-0.12,-16.16,168801.67
2024-05-14,RELIANCE.NS,Equity 1x2 Spread,1447.568359375,1403.1539306640625,-0.12,-16.16,168785.51
2024-05-22,^NSEI,Equity 1x2 Spread,22302.5,22597.80078125,1.2,162.6,168948.11
2024-05-30,^NSEBANK,Equity 1x2 Spread,47687.44921875,48682.3515625,1.97,265.51,169213.61
2024-05-30,ICICIBANK.NS,Equity 1x2 Spread,1106.2176513671875,1095.7393798828125,-0.12,-16.2,169197.41
2024-06-06,^NSEI,Equity 1x2 Spread,22597.80078125,22821.400390625,0.87,117.52,169314.93
2024-06-07,BTC-USD,Crypto 1.5x,66940.8046875,69342.5859375,5.02,678.1,169993.02
2024-06-14,BTC-USD,Crypto 1.5x,69342.5859375,65875.456640625,-7.86,-1068.92,168924.11
2024-06-18,ETH-USD,Crypto 1.5x,3620.5634765625,3439.535302734375,-7.86,-1062.19,167861.91
2024-06-27,ICICIBANK.NS,Equity 1x2 Spread,1138.144287109375,1215.083142699582,2.12,284.69,168146.6
2024-06-28,RELIANCE.NS,Equity 1x2 Spread,1441.2694091796875,1562.1615299634889,0.49,66.08,168212.69
2024-07-05,^NSEI,Equity 1x2 Spread,23567.0,24323.849609375,3.09,415.15,168627.84
2024-07-05,^NSEBANK,Equity 1x2 Spread,51783.25,52660.3515625,1.57,211.34,168839.18
2024-07-22,^NSEI,Equity 1x2 Spread,24323.849609375,24509.25,0.64,86.75,168925.93
2024-07-22,^NSEBANK,Equity 1x2 Spread,52660.3515625,52280.3984375,-0.12,-16.21,168909.72
2024-07-25,RELIANCE.NS,Equity 1x2 Spread,1565.3480224609375,1474.6171875,-0.12,-16.21,168893.51
2024-07-25,ICICIBANK.NS,Equity 1x2 Spread,1223.15087890625,1178.58154296875,-0.12,-16.21,168877.3
2024-08-06,^NSEI,Equity 1x2 Spread,24509.25,23992.55078125,-0.12,-16.22,168861.09
2024-08-06,^NSEBANK,Equity 1x2 Spread,52280.3984375,49748.30078125,-0.12,-16.22,168844.87
2024-08-12,ICICIBANK.NS,Equity 1x2 Spread,1187.7314453125,1163.8199462890625,-0.12,-16.21,168828.66
2024-08-16,TCS.NS,Equity 1x2 Spread,4085.17236328125,4102.77734375,0.31,42.01,168870.67
2024-09-06,^NSEBANK,Equity 1x2 Spread,50985.69921875,50576.8515625,-0.12,-16.21,168854.46
2024-09-06,^NSEI,Equity 1x2 Spread,24811.5,24852.150390625,0.04,5.92,168860.38
2024-09-06,ICICIBANK.NS,Equity 1x2 Spread,1181.979736328125,1198.899169921875,1.31,177.17,169037.55
2024-09-09,TCS.NS,Equity 1x2 Spread,4147.23388671875,4133.9013671875,-0.12,-16.21,169021.34
2024-09-18,ICICIBANK.NS,Equity 1x2 Spread,1198.899169921875,1285.4315085718288,1.66,224.8,169246.14
2024-09-23,^NSEI,Equity 1x2 Spread,24852.150390625,25939.05078125,4.25,575.2,169821.34
2024-09-24,^NSEBANK,Equity 1x2 Spread,51117.80078125,54247.69921875,2.76,372.81,170194.14
2024-09-24,TCS.NS,Equity 1x2 Spread,4133.9013671875,3968.296630859375,-0.12,-16.23,170177.92
2024-10-01,BTC-USD,Crypto 1.5x,63648.7109375,60466.275390625,-7.86,-1064.22,169113.7
2024-10-08,^NSEI,Equity 1x2 Spread,25939.05078125,25013.150390625,-0.12,-16.3,169097.39
2024-10-09,^NSEBANK,Equity 1x2 Spread,53968.6015625,51007.0,-0.12,-16.34,169081.06
2024-10-10,BTC-USD,Crypto 1.5x,62818.953125,59678.005468749994,-7.86,-1063.39,168017.67
2024-11-10,BTC-USD,Crypto 1.5x,67367.8515625,80474.1875,28.82,3874.13,171891.8
2024-12-10,ICICIBANK.NS,Equity 1x2 Spread,1290.9886474609375,1320.2626953125,2.15,295.32,172187.12
2024-12-18,BTC-USD,Crypto 1.5x,106029.71875,100728.23281249999,-7.86,-1082.71,171104.4
2024-12-24,^NSEBANK,Equity 1x2 Spread,53407.75,51233.0,-0.12,-16.5,171087.9
2024-12-26,ICICIBANK.NS,Equity 1x2 Spread,1320.2626953125,1287.4161376953125,-0.12,-16.53,171071.37
2024-12-27,TCS.NS,Equity 1x2 Spread,4149.01611328125,3878.838134765625,-0.12,-16.53,171054.84
2025-01-09,BTC-USD,Crypto 1.5x,96886.875,92042.53125,-7.86,-1075.59,169979.25
2025-01-10,ICICIBANK.NS,Equity 1x2 Spread,1287.4161376953125,1240.2799072265625,-0.12,-16.42,169962.83
2025-01-27,BTC-USD,Crypto 1.5x,104408.0703125,99187.666796875,-7.86,-1068.73,168894.1
2025-04-07,ICICIBANK.NS,Equity 1x2 Spread,1332.81591796875,1277.6912841796875,-0.12,-16.21,168877.89
2025-05-14,BTC-USD,Crypto 1.5x,93943.796875,103539.4140625,14.96,2021.31,170899.2
2025-05-20,^NSEI,Equity 1x2 Spread,24461.150390625,24683.900390625,0.79,106.82,171006.01
2025-05-21,ICICIBANK.NS,Equity 1x2 Spread,1420.63818359375,1433.637939453125,0.8,107.42,171113.43
2025-05-28,SOL-USD,Crypto 1.5x,163.96078491210938,172.18955993652344,7.17,968.43,172081.86
2025-06-05,BTC-USD,Crypto 1.5x,106446.0078125,101123.70742187499,-7.86,-1074.61,171007.24
2025-06-06,^NSEBANK,Equity 1x2 Spread,54941.30078125,56578.3984375,2.86,391.47,171398.71
2025-06-10,RELIANCE.NS,Equity 1x2 Spread,1422.5152587890625,1426.1834716796875,0.14,18.87,171417.58
2025-06-12,ICICIBANK.NS,Equity 1x2 Spread,1442.6683349609375,1414.2872314453125,-0.12,-16.52,171401.06
2025-06-20,^NSEI,Equity 1x2 Spread,24750.900390625,25112.400390625,1.34,183.4,171584.46
2025-06-23,^NSEBANK,Equity 1x2 Spread,56578.3984375,56059.3515625,-0.12,-16.45,171568.0
2025-06-25,RELIANCE.NS,Equity 1x2 Spread,1426.1834716796875,1454.737060546875,1.88,258.1,171826.1
2025-06-27,ICICIBANK.NS,Equity 1x2 Spread,1414.2872314453125,1451.00390625,2.48,339.53,172165.63
2025-07-07,^NSEI,Equity 1x2 Spread,25112.400390625,25461.30078125,1.27,174.24,172339.87
2025-07-08,^NSEBANK,Equity 1x2 Spread,56059.3515625,57256.30078125,2.02,276.59,172616.46
2025-07-14,ICICIBANK.NS,Equity 1x2 Spread,1451.00390625,1412.1041259765625,-0.12,-16.53,172599.93
2025-07-15,ETH-USD,Crypto 1.5x,2615.505859375,2944.1479248046876,18.49,2553.03,175152.96
2025-07-20,BTC-USD,Crypto 1.5x,107135.3359375,117300.7890625,13.87,1910.71,177063.67
2025-07-21,SOL-USD,Crypto 1.5x,163.950439453125,182.67375640869142,16.77,2349.87,179413.55
2025-07-22,^NSEI,Equity 1x2 Spread,25461.30078125,25060.900390625,-0.12,-16.54,179397.0
2025-07-29,ICICIBANK.NS,Equity 1x2 Spread,1412.1041259765625,1478.3927223132807,4.19,577.96,179974.96
2025-08-02,BTC-USD,Crypto 1.5x,117924.4765625,112028.252734375,-7.86,-1128.05,178846.91
2025-08-05,^NSEBANK,Equity 1x2 Spread,56952.75,55360.25,-0.12,-17.22,178829.69
2025-08-07,^NSEI,Equity 1x2 Spread,25219.900390625,24596.150390625,-0.12,-17.22,178812.47
2025-08-19,ICICIBANK.NS,Equity 1x2 Spread,1451.9962158203125,1436.300048828125,-0.12,-17.17,178795.3
2025-08-24,BTC-USD,Crypto 1.5x,117496.8984375,111622.053515625,-7.86,-1124.37,177670.93
2025-08-26,^NSEBANK,Equity 1x2 Spread,55510.75,54450.44921875,-0.12,-17.17,177653.76
2025-09-03,ICICIBANK.NS,Equity 1x2 Spread,1436.300048828125,1397.0,-0.12,-17.16,177636.6
2025-09-12,SOL-USD,Crypto 1.5x,200.24630737304688,229.05226364135743,21.22,3015.26,180651.86
2025-09-22,ETH-USD,Crypto 1.5x,4349.14599609375,4131.688696289062,-7.86,-1116.98,179534.88
2025-09-22,SOL-USD,Crypto 1.5x,242.30328369140625,230.18811950683593,-7.86,-1135.94,178398.94
2025-09-25,BTC-USD,Crypto 1.5x,115444.875,109672.63124999999,-7.86,-1135.94,177263.0
2025-10-01,ICICIBANK.NS,Equity 1x2 Spread,1421.5999755859375,1372.0,-0.12,-17.34,177245.66
2025-10-07,^NSEBANK,Equity 1x2 Spread,55284.75,56239.3515625,1.61,229.31,177474.96
2025-10-07,^NSEI,Equity 1x2 Spread,25202.349609375,25108.30078125,-0.12,-17.13,177457.84
2025-10-10,ETH-USD,Crypto 1.5x,4489.197265625,4264.73740234375,-7.86,-1114.52,176343.32
2025-10-23,^NSEI,Equity 1x2 Spread,25108.30078125,25891.400390625,3.0,425.74,176769.06
2025-11-27,^NSEBANK,Equity 1x2 Spread,58274.6484375,59737.30078125,2.39,337.97,177107.03
2025-12-09,RELIANCE.NS,Equity 1x2 Spread,1528.831298828125,1522.3612060546875,-0.12,-16.97,177090.06
2025-12-10,^NSEI,Equity 1x2 Spread,25884.80078125,25758.0,-0.12,-16.97,177073.09
2025-12-18,^NSEBANK,Equity 1x2 Spread,59348.25,58912.8515625,-0.12,-17.0,177056.09
2025-12-26,^NSEI,Equity 1x2 Spread,25758.0,26042.30078125,0.98,139.35,177195.44
2025-12-31,RELIANCE.NS,Equity 1x2 Spread,1535.201904296875,1563.172607421875,1.7,241.1,177436.54
2026-01-05,^NSEBANK,Equity 1x2 Spread,59069.19921875,60044.19921875,1.53,216.8,177653.34
2026-01-12,^NSEI,Equity 1x2 Spread,26042.30078125,25790.25,-0.12,-17.01,177636.33
2026-01-15,RELIANCE.NS,Equity 1x2 Spread,1563.172607421875,1452.086181640625,-0.12,-17.03,177619.3
2026-01-20,^NSEBANK,Equity 1x2 Spread,60044.19921875,59404.19921875,-0.12,-17.05,177602.24
2026-03-04,^NSEI,Equity 1x2 Spread,25725.400390625,24480.5,-0.12,-17.05,177585.19
2026-03-04,^NSEBANK,Equity 1x2 Spread,61174.0,58755.25,-0.12,-17.05,177568.14
2026-03-05,ICICIBANK.NS,Equity 1x2 Spread,1408.199951171875,1357.5999755859375,-0.12,-17.05,177551.09
2026-05-16,BTC-USD,Crypto 1.5x,82138.9296875,78031.983203125,-7.86,-1116.44,176434.65
2026-07-03,^NSEBANK,Equity 1x2 Spread,57963.80078125,57938.5,-0.12,-16.94,176417.71
